縣市代碼,縣市名稱,鄉鎮市區,學校代碼,學校名稱,班級數7年級,班級數8年級,班級數9年級,學生數7年級男,學生數7年級女,學生數8年級男,學生數8年級女,學生數9年級男,學生數9年級女,上學年男畢業生,上學年女畢業生,男專任教師,女專任教師,男職員,女職員
01,新北市,板橋區,010301,國立華僑中學,1,1,1,5,4,5,7,6,8,10,13,0,0,0,0
01,新北市,淡水區,011301,私立淡江高中附設國中部,7,7,7,141,126,159,127,151,131,160,128,0,0,0,0
01,新北市,新店區,011302,私立康橋實驗高中附設國中部,11,11,11,150,170,151,158,165,159,157,139,0,0,0,0
01,新北市,三重區,011306,私立金陵女中附設國中部,8,9,8,0,303,0,348,0,319,0,355,0,0,0,0
01,新北市,土城區,011307,私立裕德實驗高中附設國中部,6,6,6,88,82,84,90,63,64,76,67,0,0,0,0
01,新北市,中和區,011309,私立南山高中附設國中部,22,22,22,521,464,523,451,529,427,566,405,0,0,0,0
01,新北市,新莊區,011310,私立恆毅高中附設國中部,8,9,10,243,115,241,121,302,103,258,123,0,0,0,0
01,新北市,八里區,011311,私立聖心女中附設國中部,5,5,5,0,191,0,182,0,201,0,216,0,0,0,0
01,新北市,汐止區,011312,私立崇義高中附設國中部,0,1,1,0,0,5,0,1,1,3,0,0,0,0,0
01,新北市,土城區,011314,私立福瑞斯特高中附設國中部,1,0,0,14,11,0,0,0,0,0,0,0,0,0,0
01,新北市,三重區,011316,私立格致高中附設國中部,6,6,7,133,94,131,85,170,102,159,82,0,0,0,0
01,新北市,林口區,011317,私立醒吾高中附設國中部,1,1,1,4,9,5,14,6,10,12,7,0,0,0,0
01,新北市,蘆洲區,011318,私立徐匯高中附設國中部,3,3,3,97,0,114,0,113,0,117,0,0,0,0,0
01,新北市,新店區,011322,私立崇光高中附設國中部,8,8,8,99,208,84,232,85,241,10,232,0,0,0,0
01,新北市,板橋區,011323,私立光仁高中附設國中部,8,8,8,159,107,134,121,136,109,150,129,0,0,0,0
01,新北市,中和區,011324,私立竹林高中附設國中部,9,10,10,187,132,195,159,219,141,166,126,0,0,0,0
01,新北市,新店區,011325,私立及人高中附設國中部,2,1,2,29,17,18,8,35,11,42,15,0,0,0,0
01,新北市,三峽區,011329,私立辭修高中附設國中部,5,7,7,100,59,142,89,168,103,221,119,0,0,0,0
01,新北市,林口區,011330,私立林口康橋高中附設國中部,9,9,6,137,127,144,119,131,119,125,132,0,0,0,0
01,新北市,瑞芳區,011399,私立時雨高中附設國中部,6,6,7,183,109,197,100,202,112,216,144,0,0,0,0
01,新北市,板橋區,014302,市立海山高中附設國中部,29,29,29,424,421,480,440,468,434,422,403,0,0,0,0
01,新北市,三重區,014311,市立三重高中附設國中部,8,8,8,73,94,80,88,80,83,79,79,0,0,0,0
01,新北市,永和區,014315,市立永平高中附設國中部,10,11,11,113,142,138,144,136,146,154,120,0,0,0,0
01,新北市,樹林區,014322,市立樹林高中附設國中部,11,10,13,155,134,165,125,167,160,153,148,0,0,0,0
01,新北市,三峽區,014326,市立明德高中附設國中部,10,10,12,134,92,130,86,155,104,108,104,0,0,0,0
01,新北市,汐止區,014332,市立秀峰高中附設國中部,13,14,13,177,173,218,167,221,159,182,190,0,0,0,0
01,新北市,金山區,014338,市立金山高中附設國中部,4,5,5,44,37,44,57,61,56,65,63,0,0,0,0
01,新北市,新店區,014343,市立安康高中附設國中部,8,8,9,102,91,108,82,107,107,119,95,0,0,0,0
01,新北市,雙溪區,014347,市立雙溪高中附設國中部,2,5,3,14,15,30,19,34,25,34,30,0,0,0,0
01,新北市,石碇區,014348,市立石碇高中附設國中部,1,2,2,8,11,14,11,15,10,25,15,0,0,0,0
01,新北市,新莊區,014353,市立丹鳳高中附設國中部,23,23,23,367,340,367,352,378,356,370,339,0,0,0,0
01,新北市,土城區,014356,市立清水高中附設國中部,10,12,15,133,107,146,149,197,161,186,178,0,0,0,0
01,新北市,蘆洲區,014357,市立三民高中附設國中部,12,14,16,163,137,202,145,192,186,219,190,0,0,0,0
01,新北市,中和區,014362,市立錦和高中附設國中部,17,18,18,213,171,253,213,234,219,234,255,0,0,0,0
01,新北市,板橋區,014363,市立光復高中附設國中部,7,8,9,88,87,89,118,109,115,112,101,0,0,0,0
01,新北市,淡水區,014364,市立竹圍高中附設國中部,7,7,7,122,75,106,91,129,87,117,87,0,0,0,0
01,新北市,三峽區,014381,市立北大高中附設國中部,4,4,4,62,63,74,54,52,75,56,68,0,0,0,0
01,新北市,貢寮區,014399,市立豐珠中學附設國中,1,1,2,0,0,0,0,0,0,0,0,0,0,0,0
01,新北市,汐止區,014468,市立樟樹國際實創高中附設國中部,7,7,8,94,72,74,94,98,92,100,72,0,0,0,0
01,新北市,板橋區,014501,市立板橋國中,13,16,16,171,136,226,176,228,170,236,174,32,77,2,7
01,新北市,板橋區,014503,市立重慶國中,18,20,20,219,196,232,253,228,264,210,245,37,100,2,11
01,新北市,板橋區,014504,市立江翠國中,16,20,19,204,191,233,208,250,245,203,219,42,105,3,11
01,新北市,板橋區,014505,市立中山國中,30,30,29,487,444,483,443,469,415,480,451,60,159,2,12
01,新北市,板橋區,014506,市立新埔國中,12,12,12,125,131,133,148,139,145,118,112,27,69,4,6
01,新北市,新莊區,014507,市立新莊國中,23,25,23,298,245,308,305,348,308,297,322,47,135,2,12
01,新北市,新莊區,014508,市立新泰國中,16,19,20,222,170,243,203,260,223,232,185,39,109,2,8
01,新北市,新莊區,014509,市立福營國中,17,17,20,228,183,243,207,299,205,306,224,54,88,0,12
01,新北市,新莊區,014510,市立頭前國中,13,14,14,151,161,194,148,183,169,169,176,28,75,1,10
01,新北市,三重區,014512,市立光榮國中,7,9,9,85,68,119,80,87,76,112,87,15,49,2,7
01,新北市,三重區,014513,市立明志國中,15,19,19,202,168,258,234,252,185,261,242,35,98,4,9
01,新北市,三重區,014514,市立碧華國中,15,15,14,211,209,227,201,199,170,153,150,33,71,2,11
01,新北市,永和區,014516,市立永和國中,34,35,34,449,413,486,446,488,465,505,464,64,192,1,12
01,新北市,永和區,014517,市立福和國中,28,29,31,349,372,400,370,388,408,361,404,59,155,1,12
01,新北市,中和區,014518,市立中和國中,12,13,14,143,111,147,150,166,147,151,150,26,74,1,11
01,新北市,中和區,014519,市立積穗國中,9,11,12,105,100,136,136,127,114,157,126,24,56,4,4
01,新北市,中和區,014520,市立漳和國中,7,10,10,82,69,95,80,95,97,142,100,21,53,1,9
01,新北市,鶯歌區,014521,市立鶯歌國中,16,20,21,218,178,255,246,272,244,251,261,39,102,2,11
01,新北市,樹林區,014523,市立柑園國中,3,4,3,36,24,52,40,36,44,30,27,8,18,0,7
01,新北市,土城區,014524,市立土城國中,18,18,21,264,245,285,243,321,274,252,257,37,109,1,10
01,新北市,三峽區,014525,市立三峽國中,19,21,21,252,209,278,262,318,281,281,240,47,103,3,9
01,新北市,八里區,014527,市立八里國中,5,5,6,50,57,70,48,61,65,58,49,17,35,1,7
01,新北市,泰山區,014528,市立泰山國中,7,8,9,85,87,134,89,127,95,111,140,18,45,1,7
01,新北市,五股區,014529,市立五股國中,15,13,13,168,101,145,138,169,129,182,143,26,76,0,10
01,新北市,蘆洲區,014530,市立蘆洲國中,17,21,21,239,188,286,234,291,252,278,256,35,109,1,12
01,新北市,林口區,014531,市立林口國中,18,18,17,284,247,292,288,276,276,260,253,40,93,0,10
01,新北市,汐止區,014533,市立汐止國中,6,9,8,70,74,110,95,86,80,111,107,19,40,2,7
01,新北市,淡水區,014534,市立淡水國中,9,11,11,112,91,123,116,135,126,120,101,22,58,0,10
01,新北市,三芝區,014536,市立三芝國中,5,7,6,65,47,71,63,63,77,75,72,17,29,3,5
01,新北市,石門區,014537,市立石門實驗國中,3,2,2,18,19,19,7,20,13,17,7,7,17,1,2
01,新北市,萬里區,014539,市立萬里國中,2,2,3,13,22,20,10,21,18,19,18,7,15,1,4
01,新北市,坪林區,014540,市立坪林實驗國中,2,2,2,17,18,23,8,17,12,25,15,5,17,0,2
01,新北市,新店區,014541,市立文山國中,9,8,9,91,85,99,88,107,84,121,79,18,49,2,7
01,新北市,新店區,014542,市立五峰國中,13,13,13,145,113,136,175,156,150,197,134,21,78,4,7
01,新北市,瑞芳區,014544,市立瑞芳國中,5,7,5,55,50,73,55,65,59,66,73,23,33,1,7
01,新北市,瑞芳區,014545,市立欽賢國中,2,2,2,5,4,5,2,4,4,15,9,12,8,2,1
01,新北市,貢寮區,014546,市立貢寮實驗國中,2,2,2,13,12,14,10,15,11,19,11,10,12,1,3
01,新北市,深坑區,014549,市立深坑國中,5,5,6,57,38,59,53,67,63,75,75,17,23,1,7
01,新北市,平溪區,014550,市立平溪國中,2,2,2,4,2,4,5,4,6,11,5,9,18,2,2
01,新北市,烏來區,014551,市立烏來國中(小),1,1,1,6,2,5,3,9,3,5,7,5,11,2,4
01,新北市,板橋區,014552,市立溪崑國中,20,22,22,269,259,296,286,310,284,341,320,53,101,1,12
01,新北市,中和區,014554,市立自強國中,9,10,9,110,96,130,118,115,118,111,107,24,49,0,8
01,新北市,土城區,014555,市立中正國中,18,21,22,229,217,288,214,267,269,264,247,40,105,1,10
01,新北市,泰山區,014558,市立義學國中,15,14,16,207,187,194,167,234,210,259,198,36,75,2,9
01,新北市,新莊區,014559,市立中平國中,22,23,21,372,304,385,334,351,300,348,323,39,119,2,9
01,新北市,鶯歌區,014560,市立鳳鳴國中,5,6,6,59,53,54,60,70,60,76,69,17,27,2,6
01,新北市,三重區,014561,市立三和國中,25,24,29,351,320,326,327,399,369,367,384,45,135,2,12
01,新北市,鶯歌區,014565,市立尖山國中,6,5,5,76,47,62,38,72,49,61,57,13,28,0,6
01,新北市,淡水區,014566,市立正德國中,19,19,21,250,254,249,268,256,269,290,241,40,101,2,11
01,新北市,三峽區,014567,市立安溪國中,8,9,9,97,74,118,93,112,90,104,107,24,48,4,5
01,新北市,樹林區,014569,市立育林國中,9,10,11,102,109,118,117,150,131,122,114,30,45,3,6
01,新北市,汐止區,014570,市立青山國中(小),6,6,6,63,78,75,75,89,71,86,73,10,36,2,7
01,新北市,林口區,014571,市立崇林國中,15,15,15,217,203,208,190,213,212,205,190,28,83,1,9
01,新北市,三重區,014572,市立二重國中,8,7,7,91,70,81,70,101,69,109,76,20,39,1,8
01,新北市,板橋區,014573,市立大觀國中,11,12,13,126,139,130,159,173,152,146,145,20,68,0,7
01,新北市,樹林區,014574,市立三多國中,9,11,11,118,86,139,133,158,127,159,139,28,49,4,5
01,新北市,板橋區,014575,市立忠孝國中,8,11,10,101,78,137,90,119,129,124,113,23,51,1,8
01,新北市,蘆洲區,014576,市立鷺江國中,19,20,22,258,261,273,262,291,299,270,302,34,117,1,9
01,新北市,樹林區,014577,市立桃子腳國中(小),7,7,7,105,110,115,85,117,90,113,98,12,41,0,10
01,新北市,林口區,014579,市立佳林國中,10,10,9,125,110,152,123,142,109,127,107,26,46,2,6
01,新北市,新店區,014580,市立達觀國中(小),9,10,10,120,106,135,102,130,112,146,118,23,46,4,6
02,宜蘭縣,員山鄉,021301,私立慧燈高中附設國中部,7,7,8,181,123,178,97,193,105,198,120,0,0,0,0
02,宜蘭縣,壯圍鄉,021310,私立中道高中附設國中部,3,3,3,53,38,65,35,50,35,41,34,0,0,0,0
02,宜蘭縣,南澳鄉,024322,縣立南澳高中附設國中部,3,3,3,21,22,26,14,22,28,25,23,0,0,0,0
02,宜蘭縣,冬山鄉,024325,縣立慈心華德福教育實驗高中附設國中,4,4,4,38,52,46,54,47,36,38,35,0,0,0,0
02,宜蘭縣,宜蘭市,024501,縣立宜蘭國中,8,7,5,88,78,79,92,64,76,69,75,16,36,1,7
02,宜蘭縣,宜蘭市,024502,縣立中華國中,12,13,11,143,135,181,150,148,146,179,154,26,62,2,6
02,宜蘭縣,宜蘭市,024503,縣立復興國中,16,17,15,194,222,241,207,199,215,183,189,42,85,4,8
02,宜蘭縣,羅東鎮,024504,縣立羅東國中,19,21,18,225,230,253,280,254,242,258,255,50,96,1,12
02,宜蘭縣,羅東鎮,024505,縣立東光國中,7,7,7,87,75,90,85,94,96,94,96,22,35,1,6
02,宜蘭縣,羅東鎮,024506,縣立國華國中,14,14,13,160,166,179,174,182,172,182,179,38,69,3,9
02,宜蘭縣,頭城鎮,024507,縣立頭城國中,7,8,7,54,67,75,77,78,86,93,66,26,30,3,5
02,宜蘭縣,蘇澳鎮,024508,縣立蘇澳國中,5,4,4,44,27,40,40,44,36,36,34,19,16,3,4
02,宜蘭縣,蘇澳鎮,024509,縣立文化國中,6,6,6,73,74,81,62,77,78,74,72,21,25,1,7
02,宜蘭縣,蘇澳鎮,024510,縣立南安國中,1,2,1,7,5,9,15,10,11,8,15,9,3,2,1
02,宜蘭縣,三星鄉,024511,縣立三星國中,4,4,4,40,23,55,35,48,33,67,48,15,18,3,4
02,宜蘭縣,礁溪鄉,024512,縣立礁溪國中,5,5,5,57,52,53,45,61,63,68,66,10,28,3,5
02,宜蘭縣,礁溪鄉,024513,縣立吳沙國中,3,3,3,22,19,30,16,27,16,21,27,10,15,0,7
02,宜蘭縣,冬山鄉,024514,縣立冬山國中,5,4,4,39,39,45,46,44,49,64,43,15,20,3,5
02,宜蘭縣,冬山鄉,024515,縣立順安國中,4,4,3,38,34,36,52,39,31,33,20,10,19,1,6
02,宜蘭縣,五結鄉,024516,縣立五結國中,4,4,3,40,40,44,29,32,35,53,31,12,19,3,5
02,宜蘭縣,五結鄉,024517,縣立興中國中,2,2,2,13,13,23,15,22,20,15,19,6,11,0,3
02,宜蘭縣,五結鄉,024518,縣立利澤國中,3,2,2,23,13,25,18,35,21,28,28,11,10,1,4
02,宜蘭縣,員山鄉,024519,縣立員山國中,5,4,4,32,34,34,37,38,46,39,45,16,21,3,5
02,宜蘭縣,員山鄉,024520,縣立內城國中(小),2,2,2,16,4,24,9,11,14,18,13,6,11,1,7
02,宜蘭縣,壯圍鄉,024521,縣立壯圍國中,5,4,5,43,31,51,43,61,43,64,56,11,28,3,5
02,宜蘭縣,大同鄉,024523,縣立大同國中,1,1,1,3,10,5,12,6,10,7,10,10,5,1,2
02,宜蘭縣,宜蘭市,024524,縣立凱旋國中,6,6,6,74,88,86,81,79,70,70,86,13,33,1,7
02,宜蘭縣,頭城鎮,024526,縣立人文國中(小),1,1,2,9,8,12,4,16,11,6,12,7,5,0,0
02,宜蘭縣,蘇澳鎮,024527,縣立岳明國中(小),1,0,0,9,10,0,0,0,0,0,0,5,1,3,4
03,桃園市,龍潭區,031301,私立桃園市懷恩高中附設國中部,1,0,1,13,2,0,0,7,0,7,4,0,0,0,0
03,桃園市,平鎮區,031310,私立六和高中附設國中部,11,11,11,277,239,269,227,249,229,250,225,0,0,0,0
03,桃園市,平鎮區,031311,私立復旦高中附設國中部,12,12,12,308,257,307,257,319,246,315,246,0,0,0,0
03,桃園市,楊梅區,031312,私立治平高中附設國中部,7,8,7,185,134,190,143,183,133,214,144,0,0,0,0
03,桃園市,桃園區,031313,私立振聲高中附設國中部,9,9,9,233,199,206,227,227,200,210,221,0,0,0,0
03,桃園市,新屋區,031319,私立清華高中附設國中部,1,1,1,3,7,2,5,13,3,6,8,0,0,0,0
03,桃園市,桃園區,031320,私立新興高中附設國中部,8,8,8,185,169,171,159,163,165,177,143,0,0,0,0
03,桃園市,楊梅區,031326,私立大華高中附設國中部,4,5,5,95,72,115,110,95,81,106,59,0,0,0,0
03,桃園市,中壢區,031502,私立有得國中(小),3,3,3,42,43,44,34,47,40,42,35,9,13,5,7
03,桃園市,桃園區,031503,私立康萊爾國中(小),1,1,1,24,14,11,18,10,8,20,5,3,4,0,2
03,桃園市,觀音區,034332,市立觀音高中附設國中部,9,8,8,107,77,114,106,110,107,107,116,0,0,0,0
03,桃園市,新屋區,034335,市立新屋高中附設國中部,8,10,10,110,100,135,116,123,118,130,113,0,0,0,0
03,桃園市,八德區,034347,市立永豐高中附設國中部,12,13,13,148,153,151,169,171,184,181,183,0,0,0,0
03,桃園市,復興區,034348,市立羅浮高中附設國中,3,3,4,33,31,30,26,23,20,23,33,0,0,0,0
03,桃園市,桃園區,034501,市立桃園國中,14,16,17,168,189,197,197,230,197,176,200,36,94,3,10
03,桃園市,桃園區,034502,市立青溪國中,14,17,16,195,195,251,224,257,195,230,217,36,87,0,13
03,桃園市,桃園區,034503,市立文昌國中,12,14,14,185,138,214,193,204,162,213,172,33,79,2,11
03,桃園市,桃園區,034504,市立建國國中,21,23,24,282,288,358,310,389,307,331,323,60,124,3,12
03,桃園市,桃園區,034505,市立中興國中,17,19,20,212,242,248,252,297,257,271,287,45,100,3,11
03,桃園市,蘆竹區,034506,市立南崁國中,17,19,22,231,205,235,264,278,268,282,236,51,100,4,11
03,桃園市,蘆竹區,034507,市立山腳國中,4,5,5,49,39,63,53,51,58,61,44,16,20,1,5
03,桃園市,蘆竹區,034508,市立大竹國中,12,11,13,171,153,179,141,196,175,191,163,24,69,2,9
03,桃園市,大園區,034509,市立大園國中,13,17,16,179,163,218,184,226,212,236,180,41,76,4,10
03,桃園市,大園區,034510,市立竹圍國中,3,4,6,31,26,43,49,82,57,64,66,17,17,1,6
03,桃園市,大溪區,034511,市立大溪國中,8,9,11,101,108,115,110,126,126,126,119,25,46,0,8
03,桃園市,大溪區,034513,市立仁和國中,16,18,19,250,180,270,209,269,235,266,209,36,92,5,9
03,桃園市,龜山區,034515,市立大崗國中,12,12,12,156,129,183,137,169,133,144,147,30,64,2,9
03,桃園市,八德區,034516,市立八德國中,14,13,14,169,151,180,176,180,188,170,167,35,74,3,9
03,桃園市,八德區,034517,市立大成國中,24,24,24,399,338,396,351,385,354,367,350,60,121,3,12
03,桃園市,平鎮區,034518,市立中壢國中,17,19,19,236,217,253,269,268,274,222,244,28,118,1,13
03,桃園市,平鎮區,034520,市立平南國中,12,15,14,142,141,183,176,204,174,208,217,23,82,3,10
03,桃園市,中壢區,034521,市立新明國中,6,8,9,76,41,94,62,108,62,112,80,16,44,1,8
03,桃園市,中壢區,034522,市立內壢國中,27,27,27,358,361,422,359,402,408,425,394,53,154,5,11
03,桃園市,中壢區,034523,市立大崙國中,4,4,5,50,43,67,37,75,54,56,64,11,24,2,8
03,桃園市,中壢區,034524,市立龍岡國中,11,14,15,138,141,185,194,205,178,197,169,26,78,4,8
03,桃園市,中壢區,034525,市立興南國中,4,4,6,40,30,37,29,43,51,54,36,16,39,5,3
03,桃園市,中壢區,034526,市立自強國中,13,15,16,176,170,196,178,219,196,224,194,32,84,2,11
03,桃園市,中壢區,034527,市立東興國中,26,26,28,339,347,386,377,417,380,379,393,57,152,3,12
03,桃園市,楊梅區,034528,市立楊梅國中,16,17,18,193,166,192,207,219,186,221,196,35,107,4,10
03,桃園市,楊梅區,034529,市立仁美國中,6,7,5,50,43,68,59,47,62,72,46,15,35,4,6
03,桃園市,楊梅區,034530,市立富岡國中,3,3,3,31,20,26,27,23,30,28,25,7,18,0,4
03,桃園市,楊梅區,034531,市立瑞原國中,3,4,4,35,20,45,28,52,27,35,27,11,19,1,6
03,桃園市,觀音區,034533,市立觀音國中,3,3,5,35,37,37,38,53,36,43,43,12,19,1,4
03,桃園市,觀音區,034534,市立草漯國中,6,6,7,76,72,76,78,98,80,94,71,18,29,3,5
03,桃園市,新屋區,034536,市立大坡國中,3,3,3,10,11,19,13,17,22,23,18,11,19,1,3
03,桃園市,新屋區,034537,市立永安國中,3,3,3,9,11,15,8,19,17,22,17,5,23,2,4
03,桃園市,龍潭區,034538,市立龍潭國中,15,17,14,212,197,224,235,196,185,222,207,38,81,3,9
03,桃園市,龍潭區,034539,市立凌雲國中,6,6,8,76,65,85,49,99,82,76,78,11,44,2,7
03,桃園市,龍潭區,034540,市立石門國中,7,8,8,98,78,100,93,120,92,86,108,22,42,2,7
03,桃園市,桃園區,034542,市立慈文國中,23,24,25,341,297,335,350,384,351,370,326,55,132,5,10
03,桃園市,平鎮區,034543,市立平興國中,10,12,11,150,118,153,159,148,164,148,159,21,68,4,8
03,桃園市,楊梅區,034544,市立楊明國中,6,8,7,72,74,102,107,92,80,100,89,16,41,1,9
03,桃園市,中壢區,034545,市立龍興國中,6,7,8,67,81,79,69,89,89,77,72,17,41,2,8
03,桃園市,桃園區,034546,市立福豐國中,12,13,13,146,173,172,189,168,190,181,183,33,80,1,11
03,桃園市,平鎮區,034549,市立東安國中,6,7,7,75,64,83,85,85,70,99,85,20,34,0,9
03,桃園市,蘆竹區,034550,市立光明國中,17,18,21,241,230,265,241,296,287,266,236,36,107,2,12
03,桃園市,桃園區,034551,市立同德國中,16,18,17,213,208,248,262,260,243,269,211,36,100,5,9
03,桃園市,龜山區,034552,市立幸福國中,5,5,7,61,55,56,61,55,72,77,56,11,40,2,6
03,桃園市,桃園區,034554,市立大有國中,13,12,14,182,164,172,167,202,179,178,159,29,74,4,7
03,桃園市,龜山區,034555,市立龜山國中,13,13,14,188,123,185,140,193,168,166,169,29,71,2,9
03,桃園市,桃園區,034556,市立會稽國中,6,7,8,78,69,91,80,94,86,72,79,11,44,0,9
03,桃園市,楊梅區,034557,市立楊光國中(小),7,7,8,99,70,80,86,101,116,95,86,19,38,4,11
03,桃園市,龜山區,034559,市立迴龍國中(小),3,3,3,21,20,19,13,29,23,23,27,8,19,3,6
03,桃園市,平鎮區,034560,市立平鎮國中,17,20,19,241,217,270,302,289,249,257,263,41,102,1,13
03,桃園市,龍潭區,034561,市立武漢國中,5,6,6,67,52,78,81,78,69,99,77,12,36,3,6
03,桃園市,桃園區,034562,市立經國國中,6,8,7,86,64,121,77,111,58,88,61,26,35,2,6
03,桃園市,中壢區,034563,市立過嶺國中,9,10,11,111,111,138,107,147,148,135,138,28,50,2,8
03,桃園市,楊梅區,034564,市立瑞坪國中,8,8,10,109,82,103,91,131,120,104,104,15,52,4,6
03,桃園市,中壢區,034565,市立青埔國中,12,12,12,168,174,192,169,183,188,173,173,29,62,3,8
04,新竹縣,竹北市,041303,私立義民高中附設國中部,7,7,7,178,137,158,157,163,147,180,130,0,0,0,0
04,新竹縣,新豐鄉,041305,私立忠信高中附設國中部,2,2,2,37,33,40,26,38,26,4,4,0,0,0,0
04,新竹縣,竹東鎮,041306,私立東泰中學附設國中部,1,1,1,27,12,13,6,16,14,29,18,0,0,0,0
04,新竹縣,新豐鄉,041307,私立仰德高中附設國中部,4,5,5,96,65,116,78,101,86,86,86,0,0,0,0
04,新竹縣,新埔鎮,041401,私立內思高工附設國中部,2,1,1,26,20,18,17,14,12,16,19,0,0,0,0
04,新竹縣,竹北市,041501,私立康乃薾國中(小),3,4,4,37,57,55,63,52,69,40,55,2,23,2,7
04,新竹縣,竹北市,044311,縣立六家高中附設國中部,3,6,7,47,24,83,64,94,93,62,62,0,0,0,0
04,新竹縣,湖口鄉,044320,縣立湖口高中附設國中部,13,14,16,201,173,207,204,212,219,181,195,0,0,0,0
04,新竹縣,竹東鎮,044501,縣立竹東國中,8,11,12,117,104,135,124,145,121,147,133,12,75,1,10
04,新竹縣,竹東鎮,044502,縣立二重國中,9,9,9,105,138,138,134,127,139,144,134,17,53,1,7
04,新竹縣,竹東鎮,044503,縣立員東國中,3,2,3,39,16,20,12,22,20,25,17,9,18,0,5
04,新竹縣,關西鎮,044504,縣立關西國中,5,6,6,77,39,82,63,88,59,86,68,19,31,4,1
04,新竹縣,關西鎮,044505,縣立石光國中,1,1,1,8,9,7,4,21,7,15,6,7,5,1,3
04,新竹縣,關西鎮,044506,縣立富光國中,1,3,2,12,8,20,17,18,13,21,13,4,21,0,4
04,新竹縣,新埔鎮,044507,縣立新埔國中,3,3,3,44,40,44,56,50,33,48,56,7,21,0,5
04,新竹縣,新埔鎮,044508,縣立照門國中,1,1,2,9,10,10,18,21,12,16,19,6,9,0,4
04,新竹縣,竹北市,044509,縣立竹北國中,9,10,12,107,119,148,151,172,148,139,166,19,65,0,11
04,新竹縣,竹北市,044510,縣立鳳岡國中,2,3,2,20,14,33,22,32,24,27,25,10,15,0,5
04,新竹縣,芎林鄉,044512,縣立芎林國中,4,4,5,31,33,35,45,51,46,47,38,8,31,0,6
04,新竹縣,新豐鄉,044513,縣立新豐國中,7,6,7,75,48,66,67,84,59,67,55,21,36,1,7
04,新竹縣,新豐鄉,044514,縣立精華國中,1,1,1,7,8,5,7,7,10,9,7,3,6,1,2
04,新竹縣,橫山鄉,044515,縣立橫山國中,2,2,2,22,28,22,15,25,13,28,27,4,15,0,6
04,新竹縣,橫山鄉,044516,縣立華山國中,1,1,2,8,12,9,10,12,8,9,12,4,7,0,3
04,新竹縣,寶山鄉,044517,縣立寶山國中,3,3,3,28,13,22,21,31,13,28,30,6,19,1,4
04,新竹縣,北埔鄉,044518,縣立北埔國中,2,2,2,24,11,20,17,14,24,26,25,3,13,2,2
04,新竹縣,峨眉鄉,044519,縣立峨眉國中,1,1,1,7,6,6,12,16,3,9,3,4,8,0,3
04,新竹縣,湖口鄉,044521,縣立新湖國中,5,5,6,76,54,74,63,91,80,93,100,15,27,0,6
04,新竹縣,湖口鄉,044522,縣立中正國中,3,3,3,40,44,39,31,42,22,41,43,2,23,0,4
04,新竹縣,五峰鄉,044523,縣立五峰國中,1,1,1,7,7,3,9,11,9,8,17,4,8,0,2
04,新竹縣,尖石鄉,044524,縣立尖石國中,4,4,4,36,41,37,28,40,33,29,33,11,25,2,3
04,新竹縣,新豐鄉,044525,縣立忠孝國中,9,10,10,115,122,141,141,154,139,151,149,14,62,1,8
04,新竹縣,竹北市,044526,縣立博愛國中,8,10,11,107,113,153,127,142,157,118,125,13,64,2,8
04,新竹縣,竹北市,044527,縣立仁愛國中,11,14,14,153,136,210,195,204,195,218,176,30,75,0,14
04,新竹縣,竹東鎮,044528,縣立自強國中,10,12,10,116,109,145,163,143,147,158,136,16,74,1,9
04,新竹縣,竹北市,044529,縣立成功國中,18,24,19,271,238,364,330,286,253,249,242,23,138,2,12
04,新竹縣,竹北市,044530,縣立東興國中,20,20,22,275,279,288,263,311,283,331,297,47,113,4,12
04,新竹縣,新埔鎮,044531,縣立北平華德福實驗學校(國中),1,1,1,6,3,9,4,4,8,4,6,2,7,0,4
04,新竹縣,竹北市,044532,縣立勝利國中,15,0,0,179,207,0,0,0,0,0,0,9,29,0,3
05,苗栗縣,卓蘭鎮,050314,國立卓蘭高中附設國中部,3,3,4,29,29,24,39,39,31,34,30,0,0,0,0
05,苗栗縣,竹南鎮,051302,私立君毅高中附設國中部,7,7,7,177,111,166,121,154,128,158,118,0,0,0,0
05,苗栗縣,苗栗市,051306,私立建台高中附設國中部,5,6,7,124,77,133,125,155,124,131,99,0,0,0,0
05,苗栗縣,卓蘭鎮,051307,私立全人實驗高中附設國中部,1,1,1,2,0,5,3,4,2,3,4,0,0,0,0
05,苗栗縣,三義鄉,054308,縣立三義高中附設國中部,3,4,4,39,35,47,52,58,41,62,44,0,0,0,0
05,苗栗縣,苑裡鎮,054309,縣立苑裡高中附設國中部,9,9,11,114,112,137,112,133,125,124,155,0,0,0,0
05,苗栗縣,頭份市,054317,縣立興華高中附設國中部,6,8,8,80,78,110,104,112,112,94,83,0,0,0,0
05,苗栗縣,竹南鎮,054333,縣立大同高中附設國中部,3,3,3,34,39,39,28,33,31,38,37,0,0,0,0
05,苗栗縣,苗栗市,054501,縣立苗栗國中,5,5,4,35,25,48,37,33,38,38,42,18,30,1,4
05,苗栗縣,苗栗市,054502,縣立大倫國中,5,6,6,53,54,77,63,78,71,84,73,16,38,0,6
05,苗栗縣,苗栗市,054503,縣立明仁國中,13,14,15,176,167,175,195,199,196,220,191,36,75,2,8
05,苗栗縣,頭屋鄉,054504,縣立頭屋國中,3,4,4,34,22,48,25,48,25,39,24,16,13,0,4
05,苗栗縣,公館鄉,054505,縣立公館國中,9,9,9,117,128,130,126,133,109,117,106,24,48,3,5
05,苗栗縣,公館鄉,054506,縣立鶴岡國中,1,2,3,15,9,16,12,22,16,25,18,3,14,1,2
05,苗栗縣,銅鑼鄉,054507,縣立文林國中,5,4,4,45,31,35,36,55,41,31,33,7,28,2,3
05,苗栗縣,苑裡鎮,054510,縣立致民國中,3,3,4,31,22,33,16,35,33,48,47,8,22,1,5
05,苗栗縣,通霄鎮,054511,縣立通霄國中,4,5,5,41,45,61,46,48,69,72,68,20,26,2,5
05,苗栗縣,通霄鎮,054512,縣立南和國中,1,1,1,3,4,8,6,2,7,4,5,5,9,0,2
05,苗栗縣,通霄鎮,054513,縣立烏眉國中,3,2,2,20,7,16,17,21,13,28,30,5,17,0,3
05,苗栗縣,通霄鎮,054514,縣立啟新國中,1,1,1,10,7,4,11,8,9,13,19,6,7,1,2
05,苗栗縣,西湖鄉,054515,縣立西湖國中,1,2,1,14,11,15,10,8,9,18,15,8,7,0,3
05,苗栗縣,頭份市,054516,縣立頭份國中,12,12,10,164,156,162,161,160,140,176,155,25,64,0,8
05,苗栗縣,頭份市,054518,縣立文英國中,2,2,3,23,19,26,26,37,28,27,22,7,18,1,3
05,苗栗縣,竹南鎮,054519,縣立竹南國中,11,12,12,145,139,168,170,167,153,166,171,29,67,0,9
05,苗栗縣,竹南鎮,054520,縣立照南國中,16,17,17,215,229,264,232,232,245,255,224,34,88,0,12
05,苗栗縣,三灣鄉,054521,縣立三灣國中,1,1,2,11,12,13,11,18,19,20,17,6,12,1,2
05,苗栗縣,南庄鄉,054522,縣立南庄國中,2,2,2,14,13,15,18,19,15,31,25,7,11,1,4
05,苗栗縣,造橋鄉,054523,縣立造橋國中,2,2,2,16,13,21,16,17,18,15,12,6,14,1,2
05,苗栗縣,造橋鄉,054524,縣立大西國中,1,1,1,11,10,10,14,14,13,24,13,6,10,2,2
05,苗栗縣,後龍鎮,054525,縣立後龍國中,2,3,3,21,22,27,29,35,33,44,41,8,12,2,2
05,苗栗縣,後龍鎮,054526,縣立維真國中,4,5,5,38,35,42,44,54,49,41,45,11,28,1,5
05,苗栗縣,大湖鄉,054527,縣立大湖國中,1,1,2,12,10,6,16,17,18,23,16,9,8,1,2
05,苗栗縣,大湖鄉,054528,縣立南湖國中,2,2,2,17,11,21,15,30,19,23,24,10,11,2,1
05,苗栗縣,獅潭鄉,054529,縣立獅潭國中,1,1,1,3,7,5,2,11,9,7,5,6,6,0,3
05,苗栗縣,泰安鄉,054531,縣立泰安國中(小),1,1,1,3,5,9,4,11,3,5,3,5,6,3,2
05,苗栗縣,頭份市,054532,縣立建國國中,10,12,12,127,118,154,140,156,145,153,157,24,63,3,6
05,苗栗縣,通霄鎮,054534,縣立福興武術國中(小),2,2,2,18,4,17,4,20,8,16,7,7,11,1,4
05,苗栗縣,後龍鎮,054535,縣立新港國中(小),3,3,3,39,27,39,35,38,25,41,32,10,15,2,3
06,臺中市,大雅區,060323,國立中科實中附設國中部,5,5,5,67,58,68,59,62,63,66,54,0,0,0,0
06,臺中市,潭子區,061301,私立常春藤高中附設國中部,2,2,2,45,40,39,46,40,42,37,31,0,0,0,0
06,臺中市,大里區,061310,私立大明高中附設國中部,2,2,2,23,33,30,18,44,22,37,45,0,0,0,0
06,臺中市,烏日區,061313,私立明道高中附設國中部,20,20,20,506,377,604,377,557,418,562,414,0,0,0,0
06,臺中市,大里區,061314,私立僑泰中學附設國中部,7,7,7,149,104,156,120,162,111,162,121,0,0,0,0
06,臺中市,太平區,061315,私立華盛頓高中附設國中部,6,6,6,161,112,148,104,150,122,151,111,0,0,0,0
06,臺中市,潭子區,061317,私立弘文高中附設國中部,7,8,8,206,141,214,151,223,173,218,160,0,0,0,0
06,臺中市,大里區,061318,私立立人高中附設國中部,5,6,6,107,74,131,95,102,86,152,108,0,0,0,0
06,臺中市,烏日區,061322,私立華德福大地實驗教育學校國中部,1,1,1,10,6,7,4,3,5,10,6,0,0,0,0
06,臺中市,梧棲區,063501,市立善水國中(小),1,1,1,0,0,0,0,0,0,0,0,7,5,1,2
06,臺中市,后里區,064308,市立后綜高中附設國中部,11,10,11,135,117,135,129,132,149,132,129,0,0,0,0
06,臺中市,大里區,064324,市立大里高中附設國中部,7,7,6,66,49,95,91,62,72,94,73,0,0,0,0
06,臺中市,新社區,064328,市立新社高中附設國中部,6,6,6,61,56,82,63,88,71,73,87,0,0,0,0
06,臺中市,太平區,064336,市立長億高中附設國中部,11,12,11,152,141,166,162,162,156,162,157,0,0,0,0
06,臺中市,梧棲區,064342,市立中港高中附設國中部,11,11,11,204,171,182,189,170,186,178,175,0,0,0,0
06,臺中市,龍井區,064350,市立龍津高中附設國中部,8,8,8,100,91,113,101,97,103,111,104,0,0,0,0
06,臺中市,神岡區,064406,市立神岡高工附設國中部,9,8,9,109,70,117,82,132,110,125,97,0,0,0,0
06,臺中市,豐原區,064501,市立豐原國中,12,11,14,143,133,159,132,180,165,144,158,32,63,5,6
06,臺中市,豐原區,064502,市立豐東國中,22,20,22,271,275,292,273,313,313,302,325,44,117,2,10
06,臺中市,豐原區,064503,市立豐南國中,17,18,18,187,188,250,238,228,246,224,237,42,89,3,9
06,臺中市,潭子區,064504,市立潭子國中,9,9,8,69,72,104,91,86,100,108,124,20,42,2,6
06,臺中市,大雅區,064505,市立大雅國中,14,14,15,165,159,164,177,177,190,185,197,40,76,2,10
06,臺中市,后里區,064507,市立后里國中,7,6,7,69,57,77,62,81,81,84,85,17,33,1,7
06,臺中市,外埔區,064509,市立外埔國中,5,6,6,57,46,56,52,68,53,61,68,16,30,2,4
06,臺中市,大甲區,064510,市立大甲國中,17,18,17,187,196,244,206,229,214,225,198,37,97,3,9
06,臺中市,大甲區,064511,市立日南國中,9,8,8,95,74,113,96,115,87,115,108,19,43,2,5
06,臺中市,大安區,064512,市立大安國中,3,3,3,13,10,21,11,21,26,21,21,10,18,1,5
06,臺中市,清水區,064513,市立清水國中,21,17,19,253,233,239,248,273,258,292,270,45,100,2,11
06,臺中市,清水區,064514,市立清泉國中,5,4,6,39,40,43,45,58,57,55,50,14,26,4,3
06,臺中市,沙鹿區,064515,市立沙鹿國中,19,18,20,232,222,252,231,236,235,263,244,48,89,2,10
06,臺中市,梧棲區,064516,市立梧棲國中,8,6,9,70,47,66,61,72,93,99,106,24,33,3,5
06,臺中市,龍井區,064517,市立龍井國中,6,5,6,75,55,75,45,87,71,80,76,14,30,1,6
06,臺中市,龍井區,064518,市立四箴國中,8,9,7,83,79,125,99,93,83,113,84,14,50,2,6
06,臺中市,大肚區,064519,市立大道國中,10,11,13,111,100,124,119,133,131,123,134,28,63,2,6
06,臺中市,烏日區,064520,市立烏日國中,5,4,4,52,45,60,46,50,45,55,48,10,22,0,7
06,臺中市,烏日區,064521,市立溪南國中,4,4,5,26,24,37,28,47,36,40,34,13,18,3,3
06,臺中市,霧峰區,064522,市立霧峰國中,5,5,5,29,30,43,35,37,54,48,49,13,24,1,7
06,臺中市,霧峰區,064523,市立光復國中(小),10,10,10,128,109,147,130,152,125,141,123,29,46,3,6
06,臺中市,太平區,064525,市立太平國中,10,10,11,84,79,138,113,133,130,138,139,25,57,2,7
06,臺中市,太平區,064526,市立中平國中,8,9,11,101,80,89,99,126,87,94,86,25,50,3,6
06,臺中市,石岡區,064527,市立石岡國中,5,4,5,39,24,37,36,58,42,53,38,13,31,2,6
06,臺中市,東勢區,064529,市立東勢國中,13,11,13,112,129,149,117,153,158,165,165,30,67,3,6
06,臺中市,東勢區,064530,市立東華國中,3,3,3,22,15,14,21,16,19,27,13,15,15,3,2
06,臺中市,東勢區,064531,市立東新國中,3,3,4,9,8,10,13,27,14,23,12,11,24,4,2
06,臺中市,大里區,064532,市立成功國中,20,17,18,224,198,234,229,251,224,272,249,38,96,3,10
06,臺中市,和平區,064533,市立和平國中,2,2,2,9,3,6,8,7,11,7,8,8,12,3,1
06,臺中市,沙鹿區,064534,市立北勢國中,7,6,7,88,77,85,82,108,72,93,83,17,35,1,6
06,臺中市,沙鹿區,064535,市立鹿寮國中,11,12,12,175,166,190,172,195,183,164,176,24,63,2,7
06,臺中市,大里區,064537,市立光榮國中,18,17,16,165,179,219,236,211,221,226,259,48,87,0,12
06,臺中市,潭子區,064538,市立潭秀國中,12,12,13,164,156,170,135,170,171,188,168,28,65,3,7
06,臺中市,大甲區,064539,市立順天國中,11,11,12,123,122,129,124,165,135,119,127,31,61,1,8
06,臺中市,清水區,064540,市立清海國中,2,2,2,13,9,8,11,12,10,12,10,8,8,0,5
06,臺中市,大雅區,064541,市立大華國中,18,16,18,245,191,250,210,244,235,240,255,35,94,3,9
06,臺中市,太平區,064543,市立新光國中,17,16,17,229,195,238,219,229,242,234,227,33,88,3,10
06,臺中市,大里區,064544,市立光正國中,8,8,9,89,89,107,93,108,106,107,115,22,41,2,6
06,臺中市,豐原區,064545,市立豐陽國中,8,8,9,74,77,91,94,97,91,99,99,25,42,1,7
06,臺中市,烏日區,064546,市立光德國中,13,14,14,179,166,195,167,190,173,190,164,33,71,3,9
06,臺中市,大里區,064547,市立立新國中,7,5,7,53,48,77,40,81,69,73,55,21,31,3,5
06,臺中市,大里區,064548,市立爽文國中,16,16,16,203,225,220,217,251,235,237,239,38,84,1,11
06,臺中市,沙鹿區,064549,市立公明國中,3,3,3,25,10,32,34,29,22,28,38,11,11,3,2
06,臺中市,神岡區,064551,市立神圳國中,7,6,6,85,80,82,69,82,78,86,86,18,31,3,5
06,臺中市,和平區,064552,市立梨山國中(小),2,2,2,5,8,9,7,8,10,10,6,10,9,1,4
07,彰化縣,彰化市,071311,私立精誠高中附設國中部,13,13,13,360,259,365,270,353,292,358,250,0,0,0,0
07,彰化縣,田中鎮,071317,私立文興高中附設國中部,7,7,7,166,162,165,129,161,119,175,150,0,0,0,0
07,彰化縣,彰化市,071318,私立正德高中附設國中部,1,1,1,2,4,6,1,1,1,1,3,0,0,0,0
07,彰化縣,彰化市,074308,縣立彰化藝術高中附設國中部,5,6,6,45,37,50,48,48,42,45,40,0,0,0,0
07,彰化縣,二林鎮,074313,縣立二林高中附設國中部,9,8,11,93,100,97,116,142,118,115,119,0,0,0,0
07,彰化縣,和美鎮,074323,縣立和美高中附設國中部,12,13,13,155,138,185,179,196,163,200,167,0,0,0,0
07,彰化縣,田中鎮,074328,縣立田中高中附設國中部,7,9,10,84,86,122,123,133,120,142,134,0,0,0,0
07,彰化縣,溪湖鎮,074339,縣立成功高中附設國中部,6,8,8,80,70,106,97,96,101,107,86,0,0,0,0
07,彰化縣,北斗鎮,074501,縣立北斗國中,6,8,8,86,84,117,86,133,102,120,100,21,40,2,5
07,彰化縣,福興鄉,074502,縣立鹿港國中,16,19,19,229,210,285,242,282,229,255,229,41,89,4,8
07,彰化縣,鹿港鎮,074503,縣立鹿鳴國中,8,9,9,97,99,122,107,97,115,130,111,29,42,2,5
07,彰化縣,線西鄉,074504,縣立線西國中,4,4,5,57,53,62,53,82,52,67,62,18,20,1,6
07,彰化縣,彰化市,074505,縣立陽明國中,13,13,14,188,174,168,170,200,178,227,177,36,70,5,7
07,彰化縣,彰化市,074506,縣立彰安國中,8,10,9,88,98,99,133,107,103,125,125,21,52,2,7
07,彰化縣,彰化市,074507,縣立彰德國中,7,6,6,82,55,93,73,99,64,76,92,10,39,4,4
07,彰化縣,芬園鄉,074509,縣立芬園國中,4,3,3,45,39,46,33,50,24,44,63,10,16,3,3
07,彰化縣,員林市,074510,縣立員林國中,12,15,16,178,141,215,221,228,199,208,183,32,72,0,11
07,彰化縣,員林市,074511,縣立明倫國中,6,7,7,85,83,102,88,92,112,105,115,17,42,4,3
07,彰化縣,二林鎮,074512,縣立萬興國中,2,2,2,16,20,23,21,17,21,21,11,5,16,0,4
07,彰化縣,竹塘鄉,074514,縣立竹塘國中,7,7,7,98,83,117,92,96,99,92,95,25,32,3,4
07,彰化縣,大城鄉,074515,縣立大城國中,2,3,3,26,22,43,30,39,38,38,37,10,17,3,4
07,彰化縣,芳苑鄉,074516,縣立草湖國中,3,2,3,28,41,27,24,35,28,46,27,10,17,1,6
07,彰化縣,芳苑鄉,074517,縣立芳苑國中,3,3,2,43,34,37,31,28,25,40,24,9,17,3,2
07,彰化縣,溪湖鎮,074518,縣立溪湖國中,15,15,17,201,194,205,209,232,228,214,214,50,64,1,9
07,彰化縣,埔鹽鄉,074519,縣立埔鹽國中,4,4,5,49,47,53,48,55,45,81,60,15,22,1,6
07,彰化縣,埔心鄉,074520,縣立埔心國中,4,5,5,47,46,59,53,62,48,48,64,13,27,2,5
07,彰化縣,福興鄉,074521,縣立福興國中,9,10,9,111,109,125,133,119,114,176,122,30,41,3,6
07,彰化縣,秀水鄉,074522,縣立秀水國中,11,11,13,158,138,157,143,191,160,202,181,26,68,3,8
07,彰化縣,伸港鄉,074524,縣立伸港國中,9,11,10,127,114,155,138,154,129,148,127,30,44,2,8
07,彰化縣,大村鄉,074525,縣立大村國中,5,5,5,58,63,77,66,68,67,68,78,16,25,2,5
07,彰化縣,花壇鄉,074526,縣立花壇國中,8,6,8,86,85,82,88,102,102,112,78,20,36,2,6
07,彰化縣,永靖鄉,074527,縣立永靖國中,10,11,11,140,117,182,109,171,122,163,130,33,45,2,8
07,彰化縣,二水鄉,074529,縣立二水國中,2,2,2,11,7,16,14,23,15,30,12,11,10,2,3
07,彰化縣,社頭鄉,074530,縣立社頭國中,7,8,9,86,85,102,102,126,102,106,84,18,46,1,8
07,彰化縣,田尾鄉,074531,縣立田尾國中,5,7,6,79,40,85,68,73,63,99,77,12,39,0,7
07,彰化縣,溪州鄉,074532,縣立溪州國中,3,4,4,50,31,52,39,53,38,59,53,16,18,3,5
07,彰化縣,溪州鄉,074533,縣立溪陽國中,3,2,3,32,28,27,31,35,32,41,39,9,17,2,4
07,彰化縣,埤頭鄉,074534,縣立埤頭國中,5,7,7,53,54,103,78,94,78,106,94,21,33,1,7
07,彰化縣,和美鎮,074535,縣立和群國中,10,9,10,143,106,142,117,121,132,147,121,25,46,0,7
07,彰化縣,員林市,074536,縣立大同國中,23,23,23,311,278,312,322,300,333,342,316,61,108,2,14
07,彰化縣,二林鎮,074537,縣立原斗國中(小),1,1,1,5,9,4,8,10,9,11,17,4,9,1,3
07,彰化縣,彰化市,074538,縣立彰興國中,18,18,18,231,259,266,274,260,274,295,231,38,93,3,9
07,彰化縣,彰化市,074540,縣立彰泰國中,18,20,21,254,243,287,269,304,281,313,241,37,106,2,11
07,彰化縣,彰化市,074541,縣立信義國中(小),4,4,4,49,47,63,47,49,66,54,38,12,19,4,6
07,彰化縣,鹿港鎮,074542,縣立鹿江國際國中(小),3,3,3,37,43,44,34,41,36,41,36,7,19,0,2
07,彰化縣,芳苑鄉,074543,縣立民權華德福實驗國中(小),1,1,1,5,7,3,4,2,4,1,5,3,4,0,0
07,彰化縣,田中鎮,07C301,勵志中學附設國中部,0,0,2,0,0,0,0,4,2,0,2,0,0,0,0
08,南投縣,魚池鄉,081312,私立三育高中附設國中部,1,1,1,11,5,17,13,24,16,23,13,0,0,0,0
08,南投縣,名間鄉,081313,私立弘明實驗高中國中部,2,2,2,24,24,16,19,21,16,17,17,0,0,0,0
08,南投縣,埔里鎮,081314,私立普台中學國中部,6,6,6,84,91,90,70,109,64,113,69,0,0,0,0
08,南投縣,草屯鎮,081409,私立同德高中附設國中部,1,1,0,12,7,7,5,0,0,0,0,0,0,0,0
08,南投縣,埔里鎮,081502,私立均頭國中(小),2,2,2,44,29,38,16,44,22,47,25,12,8,6,9
08,南投縣,草屯鎮,084309,縣立旭光高中附設國中部,7,10,12,87,96,123,123,130,150,151,148,0,0,0,0
08,南投縣,南投市,084501,縣立南投國中,8,8,8,91,99,101,100,100,98,129,136,24,41,2,8
08,南投縣,南投市,084502,縣立南崗國中,11,9,12,148,140,125,112,145,134,122,109,35,54,2,8
08,南投縣,南投市,084503,縣立中興國中,15,18,18,228,191,287,211,279,221,268,225,45,87,5,10
08,南投縣,南投市,084504,縣立鳳鳴國中,1,1,1,3,4,5,5,8,2,8,8,5,5,1,3
08,南投縣,埔里鎮,084505,縣立埔里國中,11,10,12,126,136,90,134,149,148,135,125,35,67,3,10
08,南投縣,埔里鎮,084506,縣立大成國中,6,6,6,66,57,63,70,75,77,57,67,23,31,2,6
08,南投縣,埔里鎮,084507,縣立宏仁國中,10,12,11,135,131,157,159,148,165,187,163,37,57,1,10
08,南投縣,草屯鎮,084508,縣立草屯國中,12,13,12,166,140,165,168,148,147,176,185,24,71,4,9
08,南投縣,草屯鎮,084510,縣立日新國中,2,3,3,19,24,35,30,35,26,30,42,11,9,0,5
08,南投縣,竹山鎮,084511,縣立竹山國中,6,7,6,72,76,78,85,77,86,84,74,19,34,1,7
08,南投縣,竹山鎮,084512,縣立延和國中,6,7,9,80,77,90,81,115,99,100,121,25,36,3,5
08,南投縣,竹山鎮,084513,縣立社寮國中,1,1,1,9,6,3,5,9,8,5,7,3,9,0,4
08,南投縣,竹山鎮,084514,縣立瑞竹國中,1,1,1,2,1,1,2,3,4,6,7,5,6,1,3
08,南投縣,集集鎮,084515,縣立集集國中,1,2,2,7,16,22,18,17,15,11,16,4,15,2,3
08,南投縣,名間鄉,084516,縣立名間國中,3,4,4,42,32,42,42,47,42,55,48,12,20,0,7
08,南投縣,名間鄉,084517,縣立三光國中,3,4,4,52,20,41,36,51,25,43,36,10,25,1,5
08,南投縣,鹿谷鄉,084518,縣立鹿谷國中,1,1,2,12,9,16,8,13,12,24,11,10,7,2,2
08,南投縣,鹿谷鄉,084519,縣立瑞峰國中,1,1,1,2,0,4,2,2,5,1,2,3,9,0,4
08,南投縣,中寮鄉,084520,縣立中寮國中,1,1,1,9,12,11,10,11,13,16,17,4,8,1,4
08,南投縣,中寮鄉,084521,縣立爽文國中,2,2,2,19,17,28,14,18,20,17,16,11,9,0,4
08,南投縣,魚池鄉,084522,縣立魚池國中,2,2,2,15,17,13,16,21,14,14,15,5,16,0,4
08,南投縣,魚池鄉,084523,縣立明潭國中,1,1,1,7,0,5,2,7,7,4,3,4,8,1,2
08,南投縣,國姓鄉,084524,縣立國姓國中,2,2,2,18,17,26,21,24,21,24,29,9,12,1,4
08,南投縣,國姓鄉,084525,縣立北梅國中,1,1,1,16,9,7,3,4,6,10,11,3,9,0,4
08,南投縣,國姓鄉,084526,縣立北山國中,1,1,1,2,6,10,9,5,6,12,13,5,7,2,2
08,南投縣,水里鄉,084527,縣立水里國中,4,4,5,47,53,52,59,62,51,64,50,11,25,3,4
08,南投縣,水里鄉,084528,縣立民和國中,1,1,1,13,8,6,8,13,9,11,16,6,9,2,2
08,南投縣,信義鄉,084529,縣立信義國中,1,1,2,17,8,6,13,13,11,9,12,7,10,2,3
08,南投縣,信義鄉,084530,縣立同富國中,2,2,1,18,16,16,14,16,9,20,25,11,8,2,3
08,南投縣,仁愛鄉,084531,縣立仁愛國中,2,2,2,24,13,18,20,28,22,15,20,12,9,2,3
08,南投縣,南投市,084532,縣立營北國中,4,5,6,61,39,75,29,63,75,54,42,13,27,1,6
09,雲林縣,土庫鎮,091307,私立永年高中附設國中部,2,4,3,50,28,71,48,56,32,66,28,0,0,0,0
09,雲林縣,斗六市,091308,私立正心高中附設國中部,11,11,11,203,148,210,167,225,181,272,200,0,0,0,0
09,雲林縣,四湖鄉,091311,私立文生高中附設國中部,2,2,2,45,32,56,34,55,39,52,37,0,0,0,0
09,雲林縣,虎尾鎮,091316,私立揚子高中附設國中部,3,4,5,84,55,121,58,147,71,150,72,0,0,0,0
09,雲林縣,古坑鄉,091319,私立福智高中附設國中部,2,3,3,31,22,39,55,48,55,34,48,0,0,0,0
09,雲林縣,斗六市,091320,私立維多利亞高中附設國中部,2,2,2,30,25,27,23,41,31,42,34,0,0,0,0
09,雲林縣,林內鄉,091502,私立淵明國中(代用),10,9,10,156,84,160,88,171,105,167,107,23,41,2,6
09,雲林縣,西螺鎮,091503,私立東南國中(代用),18,18,18,29,445,33,471,34,456,22,450,48,62,1,9
09,雲林縣,古坑鄉,091506,私立福智實驗國中,2,1,1,29,25,25,0,24,0,10,0,5,8,0,2
09,雲林縣,斗南鎮,094301,縣立斗南高中附設國中部,8,7,8,98,68,108,69,105,93,127,104,0,0,0,0
09,雲林縣,麥寮鄉,094307,縣立麥寮高中附設國中部,9,9,10,129,107,139,86,147,120,135,141,0,0,0,0
09,雲林縣,古坑鄉,094308,縣立古坑華德福實驗高中附設國中部,2,2,2,14,15,12,13,20,9,18,8,0,0,0,0
09,雲林縣,水林鄉,094326,縣立蔦松高中附設國中部,4,4,4,21,24,18,48,36,49,25,50,0,0,0,0
09,雲林縣,斗南鎮,094502,縣立東明國中,5,6,6,56,40,66,51,65,71,59,54,17,30,3,5
09,雲林縣,大埤鄉,094503,縣立大埤國中,3,4,3,36,30,36,35,39,39,37,41,12,17,1,5
09,雲林縣,四湖鄉,094504,縣立飛沙國中,2,2,2,13,15,19,17,13,18,14,19,5,14,2,3
09,雲林縣,四湖鄉,094505,縣立四湖國中,2,1,1,8,8,11,11,13,10,21,18,5,10,1,3
09,雲林縣,水林鄉,094506,縣立水林國中,3,2,2,22,26,34,16,25,26,29,33,8,16,0,5
09,雲林縣,二崙鄉,094508,縣立二崙國中,6,6,6,83,55,85,47,88,54,106,57,21,35,4,4
09,雲林縣,褒忠鄉,094509,縣立褒忠國中,2,2,2,26,10,20,13,19,12,23,11,10,8,0,4
09,雲林縣,莿桐鄉,094510,縣立莿桐國中,4,4,4,49,21,53,24,39,31,50,49,11,23,2,5
09,雲林縣,崙背鄉,094511,縣立崙背國中,6,5,7,63,52,79,61,89,74,99,74,19,28,2,6
09,雲林縣,古坑鄉,094512,縣立古坑國中(小),3,3,4,25,9,18,17,34,20,33,18,6,20,1,7
09,雲林縣,東勢鄉,094513,縣立東勢國中,3,2,2,20,14,22,17,29,23,40,32,9,14,1,4
09,雲林縣,元長鄉,094514,縣立元長國中,3,3,3,38,25,38,34,33,42,41,35,10,14,0,5
09,雲林縣,斗六市,094515,縣立斗六國中,18,20,21,297,262,305,316,329,301,278,266,46,111,3,11
09,雲林縣,斗六市,094516,縣立雲林國中,9,7,8,64,91,94,69,92,91,115,94,23,41,1,9
09,雲林縣,虎尾鎮,094517,縣立虎尾國中,3,3,4,36,32,42,30,48,38,54,38,12,18,0,5
09,雲林縣,虎尾鎮,094518,縣立崇德國中,13,11,13,173,109,177,155,170,155,184,156,41,56,2,13
09,雲林縣,西螺鎮,094519,縣立西螺國中,5,5,6,104,7,102,11,111,6,127,7,22,24,2,6
09,雲林縣,北港鎮,094520,縣立北港國中,6,4,4,32,51,57,46,63,50,73,50,13,24,2,6
09,雲林縣,北港鎮,094521,縣立建國國中,11,10,11,142,152,152,142,163,137,150,161,27,55,4,7
09,雲林縣,口湖鄉,094522,縣立宜梧國中,2,2,2,6,9,11,16,21,11,21,12,9,10,2,2
09,雲林縣,口湖鄉,094523,縣立口湖國中,3,2,3,31,9,31,19,28,22,45,30,12,13,2,3
09,雲林縣,臺西鄉,094524,縣立臺西國中,4,3,3,34,26,48,29,44,35,61,39,15,17,2,5
09,雲林縣,土庫鎮,094525,縣立土庫國中,8,8,8,86,79,96,108,102,105,108,95,22,35,1,8
09,雲林縣,古坑鄉,094527,縣立東和國中,5,5,4,45,45,63,35,35,44,53,39,11,26,0,8
09,雲林縣,土庫鎮,094528,縣立馬光國中,4,4,4,41,29,62,32,62,32,37,33,7,28,2,5
09,雲林縣,斗六市,094529,縣立石榴國中,3,2,3,17,24,30,23,29,30,38,23,12,11,0,5
09,雲林縣,林內鄉,094530,縣立林內國中,3,3,3,20,22,23,35,41,24,22,28,13,16,1,4
09,雲林縣,虎尾鎮,094543,縣立東仁國中,5,5,5,86,64,68,80,80,73,80,70,12,28,2,5
09,雲林縣,古坑鄉,094544,縣立樟湖生態國中(小),2,2,2,16,11,19,13,22,9,14,10,6,12,3,1
10,嘉義縣,大林鎮,101303,私立同濟高中附設國中部,0,1,1,0,0,9,9,16,5,22,7,0,0,0,0
10,嘉義縣,民雄鄉,101304,私立協同高中附設國中部,10,10,10,218,194,227,173,224,183,205,171,0,0,0,0
10,嘉義縣,竹崎鄉,104319,縣立竹崎高中附設國中部,7,7,7,101,66,75,78,72,80,96,80,0,0,0,0
10,嘉義縣,太保市,104326,縣立永慶高中附設國中部,6,6,6,87,78,77,87,90,72,80,74,0,0,0,0
10,嘉義縣,朴子市,104501,縣立朴子國中,7,8,8,13,137,27,159,22,174,25,171,19,40,3,5
10,嘉義縣,朴子市,104502,縣立東石國中,7,8,9,142,25,188,15,165,15,197,12,17,46,1,8
10,嘉義縣,布袋鎮,104503,縣立布袋國中,2,2,2,13,10,12,16,19,13,19,22,5,15,3,1
10,嘉義縣,東石鄉,104504,縣立過溝國中,2,2,3,26,12,21,16,35,17,16,22,11,12,0,4
10,嘉義縣,大林鎮,104505,縣立大林國中,6,8,7,86,67,74,83,82,81,96,85,20,36,0,7
10,嘉義縣,新港鄉,104506,縣立新港國中,9,9,12,96,111,113,118,160,144,155,154,23,56,2,9
10,嘉義縣,民雄鄉,104507,縣立民雄國中,11,12,12,113,129,151,145,141,156,177,153,34,62,2,9
10,嘉義縣,民雄鄉,104508,縣立大吉國中,4,4,4,63,40,49,38,52,40,50,36,11,28,0,4
10,嘉義縣,六腳鄉,104509,縣立六嘉國中,2,2,3,17,22,22,25,41,25,30,28,10,16,3,2
10,嘉義縣,太保市,104511,縣立太保國中,3,4,4,35,22,38,34,52,33,37,57,7,24,0,6
10,嘉義縣,太保市,104512,縣立嘉新國中,4,5,5,53,46,73,36,61,66,73,59,13,22,1,5
10,嘉義縣,溪口鄉,104513,縣立溪口國中,2,2,2,20,16,19,13,28,17,12,24,10,11,0,4
10,嘉義縣,鹿草鄉,104514,縣立鹿草國中,2,3,3,25,18,32,29,27,29,32,37,9,13,1,3
10,嘉義縣,東石鄉,104515,縣立東榮國中,2,2,2,17,11,20,15,20,9,23,16,6,14,1,2
10,嘉義縣,水上鄉,104516,縣立水上國中,5,7,6,67,55,79,59,73,65,81,61,14,34,2,3
10,嘉義縣,水上鄉,104517,縣立忠和國中,4,3,4,65,28,47,34,49,43,58,47,12,24,3,4
10,嘉義縣,中埔鄉,104518,縣立中埔國中,4,5,6,51,39,44,39,52,57,55,50,14,23,1,5
10,嘉義縣,竹崎鄉,104520,縣立昇平國中,1,2,2,12,12,13,19,18,19,23,27,6,11,2,2
10,嘉義縣,義竹鄉,104521,縣立義竹國中,5,5,5,38,38,45,41,39,49,50,48,19,26,1,5
10,嘉義縣,番路鄉,104522,縣立民和國中,3,4,4,17,12,26,12,21,21,36,14,14,22,2,2
10,嘉義縣,梅山鄉,104523,縣立梅山國中,4,4,5,37,33,38,40,50,43,46,42,15,23,1,4
10,嘉義縣,大埔鄉,104524,縣立大埔國中(小),1,1,1,9,2,8,5,3,6,5,3,7,6,0,5
10,嘉義縣,阿里山鄉,104526,縣立阿里山國中(小),1,1,1,7,6,4,5,2,3,9,5,5,7,3,3
10,嘉義縣,阿里山鄉,104527,縣立豐山實驗國中(小),1,1,1,1,1,2,4,4,3,1,0,4,8,0,2
11,臺南市,新市區,110328,國立南科高級實驗中學附設國中部,9,9,9,139,113,118,130,135,111,134,112,0,0,0,0
11,臺南市,新營區,111313,私立南光高中附設國中,6,7,7,151,116,147,151,156,131,152,156,0,0,0,0
11,臺南市,西港區,111320,私立港明高中附設國中,12,12,12,324,213,301,255,295,241,257,203,0,0,0,0
11,臺南市,新營區,111321,私立興國高中附設國中,5,6,5,105,78,117,112,126,94,119,77,0,0,0,0
11,臺南市,鹽水區,111322,私立明達高中附設國中,2,2,2,29,25,32,23,35,33,40,31,0,0,0,0
11,臺南市,麻豆區,111323,方濟會學校財團法人臺南市黎明高中附設國中部,8,9,7,195,148,210,207,175,142,181,159,0,0,0,0
11,臺南市,七股區,111502,私立昭明國中(代用),9,9,9,141,110,158,147,163,146,157,150,26,33,5,4
11,臺南市,永康區,113501,市立鹽行國中,5,5,2,61,54,90,56,25,26,0,0,9,21,1,4
11,臺南市,永康區,114306,市立大灣高中附設國中,13,16,18,202,147,226,201,266,228,270,194,0,0,0,0
11,臺南市,永康區,114307,市立永仁高中附設國中部,8,8,8,64,67,75,79,79,78,66,76,0,0,0,0
11,臺南市,仁德區,114501,市立仁德國中,8,8,8,91,94,92,101,99,83,109,75,17,48,3,5
11,臺南市,仁德區,114502,市立仁德文賢國中,2,3,3,29,21,33,35,41,26,27,27,6,18,0,5
11,臺南市,歸仁區,114503,市立歸仁國中,11,15,15,165,136,199,202,225,198,223,208,34,72,2,10
11,臺南市,關廟區,114504,市立關廟國中,5,6,7,63,56,73,84,70,81,71,82,13,31,1,6
11,臺南市,永康區,114505,市立永康國中,14,15,19,167,176,202,215,245,240,229,244,33,92,2,11
11,臺南市,龍崎區,114508,市立龍崎國中,1,1,1,5,5,7,6,11,7,6,9,6,5,0,4
11,臺南市,新化區,114509,市立新化國中,8,8,9,81,85,87,90,122,99,117,120,19,50,1,9
11,臺南市,善化區,114510,市立善化國中,5,7,8,62,56,93,82,103,107,98,99,14,39,4,3
11,臺南市,玉井區,114511,市立玉井國中,2,3,4,23,25,45,42,52,29,42,35,8,17,2,4
11,臺南市,山上區,114512,市立山上國中,1,1,1,12,10,11,15,10,7,9,6,6,4,0,4
11,臺南市,安定區,114513,市立安定國中,4,5,5,43,39,63,60,77,52,65,68,18,18,2,4
11,臺南市,楠西區,114514,市立楠西國中,2,2,2,18,9,18,14,19,17,22,23,10,8,0,4
11,臺南市,新市區,114515,市立新市國中,8,8,9,86,92,97,84,108,97,103,111,19,46,1,7
11,臺南市,南化區,114516,市立南化國中,1,1,1,12,13,12,12,14,5,12,8,6,6,0,3
11,臺南市,左鎮區,114517,市立左鎮國中,1,1,1,12,6,11,6,16,7,14,9,5,7,0,3
11,臺南市,麻豆區,114518,市立麻豆國中,7,8,9,83,88,101,93,89,101,108,139,23,47,2,7
11,臺南市,下營區,114519,市立下營國中,4,3,3,31,29,36,40,41,28,55,49,11,15,1,5
11,臺南市,六甲區,114520,市立六甲國中,4,5,5,53,41,63,55,77,52,76,65,12,27,1,6
11,臺南市,官田區,114521,市立官田國中,2,2,2,23,12,15,23,20,26,22,19,4,12,2,3
11,臺南市,大內區,114522,市立大內國中,2,2,2,12,16,25,20,20,15,18,20,11,10,1,6
11,臺南市,佳里區,114523,市立佳里國中,11,15,13,138,149,178,177,184,143,200,216,36,71,2,9
11,臺南市,佳里區,114524,市立佳興國中,1,2,1,3,11,8,17,14,9,17,10,6,9,1,3
11,臺南市,學甲區,114525,市立學甲國中,4,4,4,54,31,35,24,42,40,41,28,12,23,1,6
11,臺南市,西港區,114526,市立西港國中,3,3,3,32,35,42,33,41,33,38,31,7,18,2,4
11,臺南市,將軍區,114527,市立將軍國中,2,2,2,16,23,19,14,19,13,13,12,9,13,0,5
11,臺南市,七股區,114529,市立竹橋國中,1,1,1,3,4,13,11,7,12,13,12,5,7,1,3
11,臺南市,北門區,114530,市立北門國中,1,1,1,7,8,9,8,8,12,17,12,7,5,2,3
11,臺南市,新營區,114531,市立南新國中,9,8,10,105,92,93,97,85,134,128,110,23,52,2,7
11,臺南市,新營區,114532,市立太子國中,2,2,3,22,8,12,12,23,13,39,17,7,14,2,4
11,臺南市,新營區,114533,市立新東國中,10,11,14,136,150,177,131,196,189,188,208,23,72,1,10
11,臺南市,鹽水區,114534,市立鹽水國中,3,2,3,26,35,20,30,32,38,35,32,7,13,3,2
11,臺南市,白河區,114535,市立白河國中,3,6,4,30,37,60,55,47,47,53,52,13,23,1,6
11,臺南市,柳營區,114536,市立柳營國中,1,1,1,5,6,10,13,7,9,11,8,6,5,0,4
11,臺南市,東山區,114537,市立東山國中,2,2,2,15,7,14,12,14,10,19,24,10,7,0,4
11,臺南市,東山區,114538,市立東原國中,2,2,2,15,12,23,13,17,14,22,16,6,11,1,4
11,臺南市,後壁區,114539,市立後壁國中,3,3,3,22,20,31,22,21,25,30,24,10,16,2,4
11,臺南市,後壁區,114540,市立菁寮國中,1,1,1,5,4,5,5,8,5,8,9,5,6,1,3
11,臺南市,永康區,114543,市立大橋國中,14,15,17,207,192,210,225,239,222,232,226,37,74,1,11
11,臺南市,歸仁區,114544,市立沙崙國中,4,4,4,53,51,55,61,72,43,60,52,11,21,1,4
12,高雄市,大寮區,121302,私立光禾華德福實驗學校(國中部),1,1,1,3,5,11,7,3,5,4,2,0,0,0,0
12,高雄市,大樹區,121307,私立普門高中附設國中部,5,4,4,89,72,92,60,89,61,95,48,0,0,0,0
12,高雄市,鳳山區,121318,私立正義高中附設國中部,2,3,3,40,25,54,32,48,31,46,42,0,0,0,0
12,高雄市,大樹區,121320,私立義大國際高中附設國中部,3,3,3,34,19,26,26,22,32,27,19,0,0,0,0
12,高雄市,大寮區,121405,私立中山工商附設國中部,1,0,0,8,8,0,0,0,0,0,0,0,0,0,0
12,高雄市,杉林區,123501,市立巴楠花部落國中(小),1,1,1,4,5,3,4,3,2,3,3,4,8,1,2
12,高雄市,鳥松區,124302,市立文山高中附設國中部,6,10,8,85,86,135,107,114,124,121,104,0,0,0,0
12,高雄市,林園區,124311,市立林園高中附設國中部,15,16,15,196,194,234,183,232,196,217,224,0,0,0,0
12,高雄市,仁武區,124313,市立仁武高中附設國中部,7,7,9,92,92,85,85,128,101,111,101,0,0,0,0
12,高雄市,路竹區,124322,市立路竹高中附設國中部,10,13,11,129,129,168,170,184,141,169,157,0,0,0,0
12,高雄市,六龜區,124333,市立六龜高中附設國中部,2,3,2,10,18,21,16,19,14,22,25,0,0,0,0
12,高雄市,鳳山區,124340,市立福誠高中附設國中部,13,13,13,176,170,187,201,229,190,188,187,0,0,0,0
12,高雄市,鳳山區,124501,市立鳳山國中,21,21,21,213,253,271,304,316,267,327,276,41,116,3,13
12,高雄市,鳳山區,124503,市立鳳西國中,16,17,19,217,214,252,219,259,242,257,194,36,97,3,11
12,高雄市,鳳山區,124504,市立五甲國中,9,10,12,103,107,133,146,133,142,142,146,28,57,3,8
12,高雄市,鳳山區,124505,市立鳳甲國中,17,17,17,195,167,244,215,251,241,256,214,39,88,3,12
12,高雄市,鳳山區,124506,市立忠孝國中,4,4,4,41,17,33,32,39,23,39,20,10,24,2,4
12,高雄市,大寮區,124507,市立大寮國中,9,11,10,103,88,124,124,135,132,141,157,32,49,3,7
12,高雄市,大寮區,124508,市立潮寮國中,2,2,2,15,20,21,24,27,26,23,23,10,15,3,3
12,高雄市,大樹區,124509,市立大樹國中,5,6,7,55,59,83,66,78,98,92,80,17,34,1,7
12,高雄市,大樹區,124510,市立溪埔國中,2,2,3,25,21,26,23,40,37,34,35,8,19,2,4
12,高雄市,鳥松區,124512,市立鳥松國中,2,3,3,27,20,36,14,27,33,19,28,10,13,4,2
12,高雄市,大社區,124514,市立大社國中,4,7,6,64,47,71,74,81,75,90,73,15,34,2,6
12,高雄市,岡山區,124515,市立岡山國中,16,17,17,209,177,249,226,211,242,246,211,41,85,2,12
12,高雄市,岡山區,124516,市立前峰國中,10,11,11,136,130,154,134,155,138,141,148,38,45,1,9
12,高雄市,永安區,124517,市立永安國中,2,2,2,16,17,25,25,22,21,26,18,6,19,3,3
12,高雄市,橋頭區,124518,市立橋頭國中,8,9,9,98,88,142,103,118,111,139,108,22,50,4,5
12,高雄市,梓官區,124519,市立梓官國中,5,7,7,64,62,69,85,89,80,91,76,14,42,3,5
12,高雄市,燕巢區,124520,市立燕巢國中,4,3,5,45,44,38,35,69,58,59,62,10,23,2,6
12,高雄市,阿蓮區,124521,市立阿蓮國中,6,8,9,92,81,89,95,108,95,113,106,23,45,2,7
12,高雄市,湖內區,124523,市立湖內國中,4,4,4,49,53,53,42,62,48,45,58,8,29,1,7
12,高雄市,茄萣區,124524,市立茄萣國中,6,6,7,66,69,75,78,68,77,73,69,18,36,3,6
12,高雄市,田寮區,124525,市立田寮國中,1,1,1,8,8,8,5,13,11,10,6,6,8,1,2
12,高雄市,彌陀區,124526,市立彌陀國中,3,6,5,38,40,63,53,52,61,55,67,10,31,4,4
12,高雄市,旗山區,124527,市立旗山國中,8,10,9,92,111,98,133,120,120,132,129,29,47,3,7
12,高雄市,旗山區,124528,市立圓富國中,1,2,2,5,8,18,10,18,15,19,9,8,13,1,3
12,高雄市,旗山區,124529,市立大洲國中,1,1,1,6,1,6,6,6,9,11,8,4,8,1,2
12,高雄市,美濃區,124530,市立美濃國中,4,4,4,40,18,54,35,52,28,50,52,18,19,3,5
12,高雄市,美濃區,124531,市立南隆國中,3,3,3,29,29,45,33,36,43,47,45,13,17,1,6
12,高雄市,美濃區,124532,市立龍肚國中,2,2,2,16,13,16,11,9,24,13,15,8,15,3,3
12,高雄市,六龜區,124534,市立寶來國中,1,1,1,9,7,11,10,7,10,5,8,6,9,2,2
12,高雄市,杉林區,124535,市立杉林國中,2,2,2,11,6,20,17,15,14,19,19,11,14,1,4
12,高雄市,內門區,124536,市立內門國中,2,2,2,14,11,17,11,24,15,21,23,14,10,2,4
12,高雄市,甲仙區,124537,市立甲仙國中,1,1,1,9,10,11,6,8,6,8,8,5,8,2,3
12,高雄市,林園區,124538,市立中芸國中,3,3,3,18,21,23,31,46,31,26,38,17,14,4,2
12,高雄市,大寮區,124539,市立中庄國中,7,9,9,83,80,112,113,123,96,110,89,21,44,2,7
12,高雄市,梓官區,124541,市立蚵寮國中,2,2,2,25,16,24,31,29,23,34,25,9,9,3,3
12,高雄市,那瑪夏區,124542,市立那瑪夏國中,2,2,2,11,15,15,19,14,11,10,13,7,15,2,3
12,高雄市,鳳山區,124543,市立青年國中,15,16,15,206,160,235,234,259,172,243,191,32,83,1,14
12,高雄市,路竹區,124544,市立一甲國中,5,6,5,54,53,60,44,51,46,55,51,19,27,2,6
12,高雄市,仁武區,124545,市立大灣國中,10,11,12,125,104,131,146,161,147,154,167,23,62,2,7
12,高雄市,岡山區,124546,市立嘉興國中,3,3,3,25,39,33,41,36,26,26,31,10,19,1,5
12,高雄市,茂林區,124547,市立茂林國中,1,1,1,4,3,4,2,8,5,3,5,4,8,0,4
12,高雄市,桃源區,124548,市立桃源國中,2,2,2,7,12,4,11,5,9,8,12,12,7,0,3
12,高雄市,鳳山區,124549,市立中崙國中,2,2,2,13,13,21,16,23,22,31,25,7,12,1,5
12,高雄市,鳳山區,124550,市立鳳翔國中,7,7,7,115,130,121,123,123,121,122,119,22,33,0,8
13,屏東縣,長治鄉,131302,私立崇華高中附設國中,1,1,1,4,6,12,10,3,6,10,9,0,0,0,0
13,屏東縣,屏東市,131307,私立屏榮高中附設國中,1,0,0,2,0,0,0,0,0,0,0,0,0,0,0
13,屏東縣,屏東市,131308,私立陸興高中附設國中部,2,2,2,29,31,44,29,37,30,41,23,0,0,0,0
13,屏東縣,內埔鄉,131311,私立美和高中附設國中部,6,5,6,119,103,100,103,130,113,115,84,0,0,0,0
13,屏東縣,崁頂鄉,131501,私立南榮國中(代用),11,11,11,190,174,202,207,206,216,189,200,29,47,3,8
13,屏東縣,屏東市,134304,縣立大同高中附設國中部,8,9,9,92,104,104,111,111,122,120,123,0,0,0,0
13,屏東縣,枋寮鄉,134321,縣立枋寮高中附設國中部,6,7,8,78,73,90,68,92,92,89,101,0,0,0,0
13,屏東縣,東港鎮,134324,縣立東港高中附設國中部,13,14,14,187,135,205,198,207,200,197,246,0,0,0,0
13,屏東縣,來義鄉,134334,縣立來義中學附設國中部,4,3,3,40,40,38,27,33,20,40,24,0,0,0,0
13,屏東縣,屏東市,134501,縣立明正國中,20,21,21,263,287,282,313,327,283,313,342,53,97,3,11
13,屏東縣,屏東市,134502,縣立中正國中,18,18,18,252,221,270,239,237,249,244,240,42,96,2,11
13,屏東縣,屏東市,134503,縣立公正國中,3,3,5,33,35,44,31,50,50,54,39,9,22,0,7
13,屏東縣,屏東市,134505,縣立鶴聲國中,7,7,7,97,58,113,74,118,74,112,95,22,34,2,7
13,屏東縣,屏東市,134506,縣立至正國中,6,6,6,88,66,89,56,84,72,121,101,21,34,1,6
13,屏東縣,長治鄉,134507,縣立長治國中,5,4,4,40,37,34,38,43,40,50,26,13,23,0,5
13,屏東縣,麟洛鄉,134508,縣立麟洛國中,2,3,2,24,12,32,14,24,10,35,18,7,17,2,3
13,屏東縣,九如鄉,134509,縣立九如國中,4,5,6,51,41,71,59,86,65,81,61,23,22,3,4
13,屏東縣,里港鄉,134510,縣立里港國中,7,7,7,103,78,83,99,96,89,98,88,21,41,3,5
13,屏東縣,鹽埔鄉,134511,縣立鹽埔國中,5,4,5,56,33,54,54,61,63,47,49,16,27,1,5
13,屏東縣,高樹鄉,134512,縣立高樹國中,3,3,3,37,31,32,39,47,40,48,50,10,20,2,4
13,屏東縣,高樹鄉,134513,縣立高泰國中,3,2,3,26,19,27,21,32,25,37,26,12,13,0,4
13,屏東縣,內埔鄉,134514,縣立內埔國中,4,5,6,43,55,59,59,79,70,73,65,17,27,2,7
13,屏東縣,內埔鄉,134515,縣立崇文國中,3,4,5,25,40,51,40,42,53,46,58,16,20,0,6
13,屏東縣,竹田鄉,134516,縣立竹田國中,3,2,2,46,26,25,31,27,20,23,31,6,14,0,4
13,屏東縣,潮州鎮,134517,縣立潮州國中,8,8,10,91,94,118,100,138,134,120,123,31,43,1,7
13,屏東縣,潮州鎮,134518,縣立光春國中,5,5,5,40,38,35,27,53,29,49,39,19,26,2,5
13,屏東縣,萬巒鄉,134519,縣立萬巒國中,4,4,5,54,38,44,48,63,55,65,53,13,24,3,4
13,屏東縣,新埤鄉,134520,縣立新埤國中,1,1,1,6,9,4,6,4,5,3,6,4,7,0,3
13,屏東縣,萬丹鄉,134522,縣立萬丹國中,8,7,8,99,108,85,100,104,91,130,108,19,42,2,6
13,屏東縣,新園鄉,134523,縣立新園國中,4,6,5,44,45,85,64,64,57,73,79,15,32,2,5
13,屏東縣,林邊鄉,134525,縣立林邊國中,5,7,5,55,57,91,74,80,71,64,79,21,30,3,4
13,屏東縣,南州鄉,134526,縣立南州國中,1,2,2,15,8,25,20,18,22,23,24,9,12,1,4
13,屏東縣,佳冬鄉,134527,縣立佳冬國中,2,2,2,19,24,24,10,30,15,33,31,7,15,0,5
13,屏東縣,琉球鄉,134528,縣立琉球國中,2,3,3,22,26,40,23,36,32,35,31,12,14,1,3
13,屏東縣,車城鄉,134530,縣立車城國中,3,3,3,39,24,26,39,37,43,51,44,14,15,2,3
13,屏東縣,恆春鎮,134531,縣立恆春國中,9,8,8,97,104,113,105,130,104,117,120,35,39,0,8
13,屏東縣,滿州鄉,134532,縣立滿州國中,1,1,2,11,18,13,12,18,18,6,12,7,8,2,1
13,屏東縣,瑪家鄉,134533,縣立瑪家國中,3,3,3,36,22,34,24,37,16,33,28,8,16,1,3
13,屏東縣,泰武鄉,134535,縣立泰武國中,2,2,2,18,16,25,16,17,15,25,21,12,7,0,3
13,屏東縣,牡丹鄉,134536,縣立牡丹國中,1,1,1,9,5,11,8,11,10,13,10,7,5,1,3
13,屏東縣,枋山鄉,134537,縣立獅子國中,1,1,1,3,5,9,5,3,7,11,10,6,7,1,3
13,屏東縣,東港鎮,134538,縣立東新國中,5,4,4,54,51,51,51,45,37,65,56,14,27,0,8
13,屏東縣,萬丹鄉,134542,縣立萬新國中,5,5,6,50,35,47,58,70,62,77,58,20,23,0,7
13,屏東縣,高樹鄉,134543,縣立大路關國中(小),0,0,1,0,0,0,0,3,3,4,6,2,5,0,2
14,臺東縣,臺東市,140301,國立臺東大學附屬體育高級中學,4,4,4,12,18,37,13,44,17,43,19,0,0,0,0
14,臺東縣,臺東市,141301,私立均一高中附設國中部,2,2,2,22,27,25,25,29,20,18,24,0,0,0,0
14,臺東縣,臺東市,141307,私立育仁高中附設國中部,2,1,1,26,14,21,7,10,8,26,14,0,0,0,0
14,臺東縣,蘭嶼鄉,144322,縣立蘭嶼高中附設國中部,2,2,2,10,13,19,13,17,16,8,21,0,0,0,0
14,臺東縣,臺東市,144501,縣立新生國中,18,17,19,228,252,243,231,270,234,244,245,46,95,2,12
14,臺東縣,臺東市,144502,縣立東海國中,6,8,9,75,71,130,97,103,118,120,123,18,48,3,7
14,臺東縣,臺東市,144503,縣立寶桑國中,5,5,5,41,57,58,62,52,45,59,51,17,26,3,5
14,臺東縣,臺東市,144504,縣立卑南國中,4,4,5,45,30,50,47,40,46,59,44,11,29,2,6
14,臺東縣,臺東市,144505,縣立豐田國中,4,4,4,34,22,54,33,40,19,40,20,11,23,1,7
14,臺東縣,臺東市,144506,縣立知本國中,3,3,3,18,19,20,16,27,17,25,25,5,22,2,5
14,臺東縣,卑南鄉,144507,縣立初鹿國中,1,2,2,13,5,12,19,18,14,14,16,10,9,0,3
14,臺東縣,鹿野鄉,144508,縣立鹿野國中,1,1,1,13,8,15,9,11,15,10,19,9,5,2,3
14,臺東縣,鹿野鄉,144509,縣立瑞源國中,1,1,1,1,3,8,2,10,4,6,4,5,6,0,3
14,臺東縣,關山鎮,144510,縣立關山國中,4,4,5,40,41,44,53,51,50,54,60,16,21,4,5
14,臺東縣,池上鄉,144511,縣立池上國中,2,2,3,22,23,22,10,27,36,30,26,9,17,0,6
14,臺東縣,太麻里鄉,144512,縣立大王國中,2,2,4,21,22,28,15,37,27,36,23,12,12,2,4
14,臺東縣,太麻里鄉,144513,縣立賓茂國中,1,2,3,10,4,18,9,19,11,17,9,11,9,2,2
14,臺東縣,大武鄉,144514,縣立大武國中,3,2,3,22,25,15,26,40,33,31,26,13,13,4,4
14,臺東縣,東河鄉,144515,縣立都蘭國中,1,1,2,6,4,9,11,16,15,15,13,5,10,3,1
14,臺東縣,東河鄉,144516,縣立泰源國中,2,2,2,22,6,21,4,25,5,13,14,12,10,4,1
14,臺東縣,成功鎮,144517,縣立新港國中,4,3,3,33,27,31,39,31,48,33,54,14,18,2,6
14,臺東縣,長濱鄉,144518,縣立長濱國中,2,1,2,18,17,14,17,12,15,20,15,6,11,1,3
14,臺東縣,延平鄉,144519,縣立桃源國中,1,1,1,8,6,14,6,11,4,10,6,6,6,1,2
14,臺東縣,海端鄉,144520,縣立海端國中,1,1,1,9,7,4,3,8,5,6,10,4,10,3,1
14,臺東縣,綠島鄉,144521,縣立綠島國中,1,1,2,4,10,7,8,8,6,9,9,3,12,2,1
15,花蓮縣,新城鄉,151306,私立海星高中附設國中部,3,3,3,30,21,27,23,28,33,38,27,0,0,0,0
15,花蓮縣,花蓮市,151312,私立慈大附中附設國中部,7,7,7,128,117,104,113,112,97,111,107,0,0,0,0
15,花蓮縣,鳳林鎮,154399,縣立南平中學附設國中部,1,1,1,0,0,0,0,0,0,0,0,0,0,0,0
15,花蓮縣,玉里鎮,154501,縣立玉里國中,8,6,7,87,85,82,80,77,80,80,83,26,29,3,5
15,花蓮縣,玉里鎮,154502,縣立玉東國中,1,1,1,10,9,7,12,14,9,16,19,8,6,1,4
15,花蓮縣,玉里鎮,154503,縣立三民國中,2,2,2,18,7,28,10,31,11,26,5,10,10,1,4
15,花蓮縣,花蓮市,154504,縣立美崙國中,5,5,6,79,35,70,43,73,50,79,56,16,26,4,6
15,花蓮縣,花蓮市,154505,縣立花崗國中,14,16,15,190,162,199,175,184,205,202,192,36,71,3,12
15,花蓮縣,花蓮市,154506,縣立國風國中,18,19,19,255,253,262,253,258,254,261,257,51,91,1,14
15,花蓮縣,新城鄉,154507,縣立秀林國中,4,3,3,27,35,41,36,43,36,30,37,13,16,2,4
15,花蓮縣,新城鄉,154508,縣立新城國中,4,3,4,35,32,32,35,47,37,33,34,6,22,2,5
15,花蓮縣,吉安鄉,154509,縣立吉安國中,2,3,3,34,20,31,45,32,36,37,30,10,14,3,5
15,花蓮縣,吉安鄉,154510,縣立宜昌國中,8,9,9,104,88,125,110,122,110,115,87,28,50,4,5
15,花蓮縣,壽豐鄉,154511,縣立壽豐國中,2,2,2,21,21,27,21,27,22,21,33,10,6,1,2
15,花蓮縣,壽豐鄉,154512,縣立平和國中,1,2,1,17,3,16,15,11,6,19,7,6,12,2,3
15,花蓮縣,光復鄉,154513,縣立光復國中,3,3,3,29,29,23,30,38,31,28,35,14,17,1,7
15,花蓮縣,光復鄉,154514,縣立富源國中,1,1,1,8,8,9,6,8,8,11,7,7,6,0,3
15,花蓮縣,鳳林鎮,154515,縣立鳳林國中,3,5,3,29,29,44,43,40,39,45,36,16,14,1,7
15,花蓮縣,鳳林鎮,154516,縣立萬榮國中,1,1,1,8,9,6,3,5,8,9,4,4,9,2,1
15,花蓮縣,富里鄉,154517,縣立富里國中,3,1,1,17,18,13,10,17,12,13,19,10,8,1,4
15,花蓮縣,富里鄉,154518,縣立富北國中,1,1,1,9,11,3,8,14,9,12,8,6,8,2,2
15,花蓮縣,豐濱鄉,154519,縣立豐濱國中,1,1,1,8,7,6,11,7,5,9,9,5,8,3,2
15,花蓮縣,瑞穗鄉,154520,縣立瑞穗國中,3,3,4,28,28,39,32,40,27,42,32,12,18,5,5
15,花蓮縣,富里鄉,154521,縣立東里國中,1,1,1,5,6,2,7,3,5,9,6,5,6,0,3
15,花蓮縣,花蓮市,154522,縣立自強國中,6,8,7,68,83,106,101,95,85,99,85,21,35,2,7
15,花蓮縣,吉安鄉,154523,縣立化仁國中,5,5,5,51,46,55,51,68,45,52,39,16,25,1,7
16,澎湖縣,馬公市,164501,縣立馬公國中,13,12,13,149,134,160,138,141,150,153,150,47,64,4,8
16,澎湖縣,馬公市,164502,縣立中正國中,4,4,3,38,29,30,44,41,23,25,26,18,15,0,6
16,澎湖縣,馬公市,164503,縣立澎南國中,1,1,1,5,5,5,6,7,9,11,9,8,4,1,3
16,澎湖縣,湖西鄉,164504,縣立湖西國中,2,1,2,21,12,15,13,23,21,16,21,5,13,1,5
16,澎湖縣,湖西鄉,164505,縣立志清國中,1,1,1,3,2,3,3,1,2,2,2,3,5,0,1
16,澎湖縣,白沙鄉,164506,縣立鎮海國中,1,1,1,2,1,4,2,6,2,1,4,3,6,1,0
16,澎湖縣,白沙鄉,164507,縣立白沙國中,1,1,1,4,3,10,5,5,4,10,4,6,7,0,1
16,澎湖縣,白沙鄉,164508,縣立吉貝國中,1,1,1,4,2,2,4,6,3,4,1,3,5,0,1
16,澎湖縣,西嶼鄉,164509,縣立西嶼國中,1,1,1,9,16,6,9,15,13,13,18,8,5,2,3
16,澎湖縣,望安鄉,164510,縣立望安國中,1,1,1,2,0,1,0,3,0,3,1,2,7,1,0
16,澎湖縣,望安鄉,164511,縣立將澳國中,1,1,1,0,1,2,2,1,1,2,0,4,4,0,1
16,澎湖縣,七美鄉,164512,縣立七美國中,1,1,1,2,5,2,5,8,9,6,11,5,7,1,2
16,澎湖縣,馬公市,164513,縣立文光國中,4,5,5,34,39,38,54,55,55,88,52,20,28,3,5
16,澎湖縣,白沙鄉,164514,縣立鳥嶼國中,1,1,1,2,2,3,0,0,1,3,3,6,3,1,0
17,基隆市,中正區,171306,私立二信高中附設國中部,9,10,10,205,184,271,213,230,223,253,194,0,0,0,0
17,基隆市,中山區,171308,私立聖心高中附設國中部,1,1,1,12,10,15,14,13,19,17,15,0,0,0,0
17,基隆市,中山區,173304,市立中山高中附設國中部,5,5,6,57,47,45,60,64,59,75,82,0,0,0,0
17,基隆市,安樂區,173306,市立安樂高中附設國中部,5,6,7,60,63,60,90,80,65,67,73,0,0,0,0
17,基隆市,暖暖區,173307,市立暖暖高中附設國中部,4,4,4,34,30,41,32,44,29,46,34,0,0,0,0
17,基隆市,中正區,173314,市立八斗高中附設國中部,4,4,4,50,43,51,40,43,50,60,35,0,0,0,0
17,基隆市,七堵區,173501,市立明德國中,7,7,9,78,89,74,71,92,81,81,90,16,51,5,4
17,基隆市,仁愛區,173502,市立銘傳國中,14,14,14,206,179,182,194,227,168,241,192,36,81,4,8
17,基隆市,信義區,173503,市立信義國中,3,4,4,42,20,37,23,40,41,55,40,6,31,2,7
17,基隆市,中正區,173505,市立中正國中,6,7,9,80,62,91,97,104,96,79,87,18,46,4,6
17,基隆市,仁愛區,173508,市立南榮國中,3,3,3,30,10,19,19,18,13,30,21,10,16,3,3
17,基隆市,信義區,173509,市立成功國中,5,5,4,40,46,46,51,38,42,46,36,13,28,3,6
17,基隆市,中正區,173510,市立正濱國中,2,3,3,17,9,24,18,35,21,27,24,3,22,3,5
17,基隆市,安樂區,173512,市立建德國中,9,10,11,93,103,121,100,133,128,152,136,24,59,5,7
17,基隆市,七堵區,173513,市立百福國中,6,7,7,76,72,69,82,73,86,80,64,18,34,3,8
17,基隆市,暖暖區,173515,市立碇內國中,5,5,5,47,57,48,63,70,70,57,61,7,32,0,8
17,基隆市,安樂區,173516,市立武崙國中,8,10,8,108,87,134,116,105,87,115,107,22,50,2,7
18,新竹市,東區,180301,國立科學工業園區高中附設國中部,7,7,7,125,83,113,93,114,96,118,107,0,0,0,0
18,新竹市,東區,181305,私立光復高中附設國中部,2,3,3,44,22,75,38,58,31,55,46,0,0,0,0
18,新竹市,東區,181306,私立曙光女中附設國中部,8,8,8,176,207,177,197,144,202,149,191,0,0,0,0
18,新竹市,北區,181307,私立磐石高中附設國中部,3,4,4,51,45,82,51,82,61,64,46,0,0,0,0
18,新竹市,東區,181502,私立新竹市康橋國中(小),3,3,3,54,70,49,39,43,40,38,46,4,19,1,9
18,新竹市,北區,183306,市立成德高中附設國中部,3,4,4,33,29,53,20,67,35,56,42,0,0,0,0
18,新竹市,香山區,183307,市立香山高中附設國中部,8,7,9,80,78,95,95,116,96,96,81,0,0,0,0
18,新竹市,東區,183313,市立建功高中附設國中部,12,16,16,167,157,259,194,235,219,180,176,0,0,0,0
18,新竹市,東區,183501,市立建華國中,7,7,8,46,82,82,87,99,91,98,103,11,53,0,9
18,新竹市,東區,183502,市立培英國中,27,27,27,427,366,408,359,445,338,373,351,39,158,2,14
18,新竹市,北區,183503,市立光華國中,17,18,21,236,196,242,220,306,262,277,242,38,105,1,15
18,新竹市,東區,183504,市立育賢國中,11,11,13,116,128,141,142,142,163,120,155,24,80,1,9
18,新竹市,東區,183505,市立光武國中,17,14,14,252,203,204,186,240,153,216,175,31,88,3,8
18,新竹市,北區,183508,市立南華國中,4,4,5,40,41,51,33,61,42,49,43,9,26,2,5
18,新竹市,香山區,183509,市立富禮國中,3,3,3,18,19,28,27,15,21,26,21,6,20,2,5
18,新竹市,東區,183510,市立三民國中,25,27,26,332,347,366,383,408,338,358,331,41,139,2,14
18,新竹市,香山區,183511,市立內湖國中,2,2,3,16,16,14,26,26,25,31,23,7,13,1,7
18,新竹市,香山區,183512,市立虎林國中,4,6,5,52,38,65,53,65,47,58,47,14,28,1,8
18,新竹市,東區,183514,市立新科國中,5,6,6,64,54,84,74,76,56,67,55,7,37,1,6
18,新竹市,北區,183515,市立竹光國中,12,12,12,176,159,182,156,182,164,151,167,24,69,1,8
18,新竹市,香山區,183516,市立華德福實驗國中(小),1,1,1,11,7,6,2,3,9,6,5,3,5,0,0
19,臺中市,西屯區,191301,私立東大附屬實驗高中附設國中部,7,7,7,145,110,129,107,131,123,155,128,0,0,0,0
19,臺中市,北屯區,191302,私立葳格高中附設國中部,4,4,4,57,57,68,63,49,65,44,43,0,0,0,0
19,臺中市,北區,191305,私立新民高中附設國中部,6,6,6,96,89,97,117,114,102,110,106,0,0,0,0
19,臺中市,南區,191309,私立明德高中附設國中部,6,6,5,124,120,110,109,101,78,92,83,0,0,0,0
19,臺中市,北屯區,191311,私立衛道高中附設國中部,17,17,17,591,234,584,238,588,232,595,224,0,0,0,0
19,臺中市,北區,191313,私立曉明女中附設國中部,10,10,10,0,495,0,494,0,491,0,491,0,0,0,0
19,臺中市,南屯區,191314,私立嶺東高中附設國中部,4,4,4,59,63,63,60,69,58,67,53,0,0,0,0
19,臺中市,北屯區,191315,私立磊川華德福實驗教育學校國中部,1,1,1,10,11,10,10,13,11,12,10,0,0,0,0
19,臺中市,西屯區,191503,私立麗喆國中(小),1,2,2,17,13,20,19,17,12,12,6,10,8,5,7
19,臺中市,西區,193303,市立忠明高中附設國中部,11,11,11,138,129,150,146,157,145,179,149,0,0,0,0
19,臺中市,西屯區,193313,市立西苑高中附設國中部,17,16,17,208,180,241,192,261,210,227,222,0,0,0,0
19,臺中市,北屯區,193315,市立東山高中附設國中部,22,22,21,314,360,338,329,317,344,310,344,0,0,0,0
19,臺中市,南屯區,193316,市立惠文高中附設國中部,10,10,10,184,156,185,179,168,177,161,156,0,0,0,0
19,臺中市,西區,193501,市立居仁國中,22,23,23,342,291,334,306,344,335,330,315,53,128,6,10
19,臺中市,北區,193502,市立雙十國中,12,9,10,104,109,102,101,98,125,134,149,21,59,3,6
19,臺中市,南區,193504,市立崇倫國中,12,10,12,137,76,125,113,141,109,148,127,22,62,3,5
19,臺中市,北屯區,193505,市立大德國中,4,3,5,24,23,37,31,39,34,39,43,8,24,1,7
19,臺中市,北屯區,193506,市立北新國中,18,20,21,260,264,240,253,277,259,262,219,48,100,3,10
19,臺中市,東區,193507,市立東峰國中,5,5,5,41,20,49,40,64,43,63,42,15,29,3,4
19,臺中市,南屯區,193508,市立黎明國中,11,12,12,151,127,144,136,163,145,161,122,32,68,0,10
19,臺中市,西區,193509,市立光明國中,16,16,17,159,186,202,204,211,225,202,227,34,100,4,9
19,臺中市,西區,193510,市立向上國中,13,14,14,175,193,233,183,231,194,197,179,18,95,5,8
19,臺中市,東區,193511,市立育英國中,8,7,11,81,87,100,64,120,81,113,100,16,54,2,7
19,臺中市,南區,193512,市立四育國中,6,6,9,75,56,93,59,76,71,68,74,18,34,2,6
19,臺中市,北區,193514,市立五權國中,13,13,15,141,171,173,170,178,205,186,165,32,74,1,11
19,臺中市,西屯區,193516,市立中山國中,5,6,6,68,47,50,49,70,40,56,41,12,35,2,6
19,臺中市,北屯區,193517,市立崇德國中,17,17,17,187,167,231,191,230,232,230,232,34,89,3,8
19,臺中市,北區,193518,市立立人國中,8,7,7,101,69,98,75,101,81,100,106,16,40,2,6
19,臺中市,西屯區,193519,市立漢口國中,9,9,10,127,124,108,128,136,121,114,122,23,55,1,6
19,臺中市,西屯區,193520,市立安和國中,10,9,11,103,103,113,105,128,136,132,112,23,56,4,4
19,臺中市,西屯區,193521,市立至善國中,9,8,9,111,81,114,84,126,98,129,118,18,51,1,7
19,臺中市,南屯區,193522,市立萬和國中,9,9,9,108,80,101,97,130,101,126,110,19,49,3,6
19,臺中市,南屯區,193523,市立大業國中,17,18,16,293,259,295,292,282,286,289,256,43,87,0,13
19,臺中市,北屯區,193524,市立三光國中,6,6,6,63,70,54,76,84,65,63,67,11,36,1,7
19,臺中市,北屯區,193525,市立四張犁國中,6,7,8,79,90,89,82,119,105,93,84,14,40,3,4
19,臺中市,西屯區,193526,市立福科國中,16,16,16,293,250,286,251,276,259,283,268,36,89,4,9
19,臺中市,南屯區,193527,市立大墩國中,10,10,10,122,119,142,128,145,129,130,109,22,49,2,6
20,嘉義市,東區,201304,私立興華高中附設國中部,3,3,4,54,41,65,43,96,60,119,78,0,0,0,0
20,嘉義市,東區,201310,私立嘉華高中附設國中部,5,5,6,119,89,124,88,121,103,95,80,0,0,0,0
20,嘉義市,東區,201312,私立輔仁高中附設國中部,5,5,5,138,71,125,96,124,80,130,72,0,0,0,0
20,嘉義市,東區,201313,私立宏仁女中附設國中部,2,1,2,15,37,9,29,12,44,18,46,0,0,0,0
20,嘉義市,東區,203501,市立大業國中,4,4,4,38,44,50,41,56,46,50,54,13,24,3,7
20,嘉義市,東區,203502,市立北興國中,20,20,20,296,199,299,195,302,210,286,215,48,116,2,14
20,嘉義市,東區,203503,市立嘉義國中,11,12,12,28,211,24,252,27,264,18,253,23,70,2,11
20,嘉義市,東區,203504,市立南興國中,8,10,10,97,82,132,103,148,103,99,111,25,52,3,9
20,嘉義市,西區,203505,市立民生國中,21,23,23,273,258,305,283,342,262,313,267,58,108,0,15
20,嘉義市,西區,203506,市立玉山國中,6,7,8,81,74,94,87,112,109,107,97,16,42,1,10
20,嘉義市,東區,203507,市立蘭潭國中,6,6,7,138,16,124,22,153,20,164,16,19,38,0,9
20,嘉義市,西區,203508,市立北園國中,4,5,5,49,45,58,58,78,55,54,64,18,22,1,7
21,臺南市,東區,211301,私立長榮高中附設國中部,2,3,2,33,23,53,27,38,32,75,24,0,0,0,0
21,臺南市,北區,211304,私立聖功女中附設國中部,6,6,6,0,211,0,210,0,236,0,215,0,0,0,0
21,臺南市,東區,211310,臺南光華學校財團法人臺南市光華高中附設國中,1,1,1,8,8,10,16,9,13,12,12,0,0,0,0
21,臺南市,安南區,211315,私立瀛海高中附設國中部,7,7,8,185,132,193,101,204,130,195,113,0,0,0,0
21,臺南市,北區,211317,私立崑山高中附設國中部,0,1,0,0,0,4,2,0,0,0,2,0,0,0,0
21,臺南市,東區,211318,私立德光高中附設國中部,10,9,10,237,196,200,215,246,212,228,237,0,0,0,0
21,臺南市,安平區,211320,慈濟學校財團法人臺南市私立慈濟高級中學附設國中部,6,7,6,75,77,90,90,83,71,87,92,0,0,0,0
21,臺南市,南區,213303,市立南寧高中附設國中部,4,5,6,58,40,68,57,70,46,67,60,0,0,0,0
21,臺南市,安南區,213316,市立土城高中附設國中部,2,3,2,27,28,30,41,39,23,29,45,0,0,0,0
21,臺南市,東區,213501,市立後甲國中,23,25,25,332,309,410,306,371,313,357,291,38,121,2,12
21,臺南市,東區,213502,市立忠孝國中,8,10,10,108,106,128,127,135,133,160,143,20,51,0,8
21,臺南市,南區,213504,市立大成國中,7,10,11,73,95,130,133,137,119,128,132,17,55,3,6
21,臺南市,安平區,213505,市立金城國中,9,12,15,149,105,175,163,208,176,172,169,26,67,2,10
21,臺南市,北區,213506,市立民德國中,19,23,20,255,291,358,315,301,270,292,281,40,111,4,8
21,臺南市,北區,213507,市立成功國中,2,3,3,15,13,30,43,34,31,45,34,4,17,2,2
21,臺南市,北區,213508,市立延平國中,3,3,2,23,22,23,25,33,22,30,18,5,19,2,4
21,臺南市,中西區,213509,市立建興國中,21,19,19,356,247,298,246,292,240,346,252,40,107,3,9
21,臺南市,中西區,213510,市立中山國中,12,15,15,135,171,163,235,195,214,142,185,24,73,3,7
21,臺南市,安平區,213511,市立安平國中,11,11,11,140,154,150,131,162,145,146,150,26,57,0,9
21,臺南市,安南區,213512,市立安南國中,15,16,17,219,196,225,208,234,257,176,216,33,84,1,9
21,臺南市,安南區,213513,市立安順國中,7,9,9,100,84,112,93,132,93,107,95,20,41,1,8
21,臺南市,東區,213514,市立復興國中,33,37,36,486,423,586,510,553,458,480,429,58,169,1,13
21,臺南市,南區,213515,市立新興國中,5,5,5,55,40,48,48,67,55,62,56,16,27,0,7
21,臺南市,北區,213517,市立文賢國中,4,5,6,43,39,65,51,80,79,77,77,9,27,2,6
21,臺南市,東區,213518,市立崇明國中,16,18,20,231,209,280,227,265,251,274,245,34,99,2,11
21,臺南市,安南區,213519,市立和順國中,9,9,9,111,105,117,116,119,118,112,118,20,48,3,6
21,臺南市,安南區,213520,市立海佃國中,7,8,11,102,87,114,110,163,149,146,174,16,44,2,7
21,臺南市,安南區,213521,市立九份子國中(小),3,4,0,39,38,45,58,0,0,0,0,5,13,2,5
30,臺北市,松山區,311401,私立育達高中附設國中部,1,1,0,5,0,2,1,0,0,0,0,0,0,0,0
30,臺北市,松山區,313301,市立西松高中附設國中部,2,2,2,33,28,34,23,32,27,29,31,0,0,0,0
30,臺北市,松山區,313302,市立中崙高中附設國中部,7,7,7,81,71,81,87,92,88,84,100,0,0,0,0
30,臺北市,松山區,313501,市立介壽國中,21,21,21,313,297,311,300,327,315,326,275,42,124,2,21
30,臺北市,松山區,313502,市立民生國中,8,8,8,105,98,115,113,117,114,105,86,19,52,4,10
30,臺北市,松山區,313504,市立中山國中,8,8,8,120,104,95,95,120,101,105,101,20,46,2,11
30,臺北市,松山區,313505,市立敦化國中,23,23,23,330,326,343,329,387,354,352,319,50,125,4,20
30,臺北市,信義區,323502,市立興雅國中,15,16,16,247,185,238,187,217,219,214,228,41,85,5,15
30,臺北市,信義區,323503,市立永吉國中,5,5,5,65,44,67,64,60,66,71,55,13,42,2,11
30,臺北市,信義區,323504,市立瑠公國中,7,6,6,62,58,87,69,72,85,72,69,16,39,3,11
30,臺北市,信義區,323505,市立信義國中,10,10,10,113,97,113,92,136,94,128,97,23,61,4,10
30,臺北市,大安區,330301,國立師大附中,7,7,7,102,100,92,97,103,101,108,90,0,0,0,0
30,臺北市,大安區,331301,私立延平中學附設國中部,11,11,11,269,223,295,199,312,177,295,195,0,0,0,0
30,臺北市,大安區,331304,私立復興高中(國中),7,7,8,163,152,148,162,190,161,158,166,0,0,0,0
30,臺北市,大安區,331502,私立立人國中(小),1,1,1,21,16,24,18,16,13,14,5,5,7,2,5
30,臺北市,大安區,333301,市立和平高中附設國中部,6,6,6,97,71,89,80,100,76,87,91,0,0,0,0
30,臺北市,大安區,333304,市立芳和實驗中學附設國中部,3,3,5,31,21,33,21,48,32,40,32,0,0,0,0
30,臺北市,大安區,333501,市立仁愛國中,20,20,20,295,263,264,295,264,288,276,264,32,126,3,20
30,臺北市,大安區,333502,市立大安國中,13,14,14,174,140,232,148,220,197,234,169,32,78,3,15
30,臺北市,大安區,333505,市立金華國中,26,25,26,358,349,403,356,403,385,415,352,50,148,3,22
30,臺北市,大安區,333506,市立懷生國中,4,4,4,38,49,60,51,58,52,40,44,7,31,1,12
30,臺北市,大安區,333507,市立民族實驗國中,4,4,4,58,43,48,38,51,51,43,39,18,21,1,11
30,臺北市,大安區,333508,市立龍門國中,15,15,15,205,245,218,219,250,192,296,237,23,98,3,17
30,臺北市,中山區,343302,市立大同高中附設國中部,7,7,7,85,96,91,107,100,84,96,116,0,0,0,0
30,臺北市,中山區,343303,市立大直高中附設國中部,9,9,9,130,115,143,104,123,126,130,121,0,0,0,0
30,臺北市,中山區,343502,市立長安國中,6,6,7,80,69,84,69,89,70,85,58,13,44,2,10
30,臺北市,中山區,343504,市立北安國中,6,6,6,58,62,56,72,62,72,64,67,12,41,1,12
30,臺北市,中山區,343505,市立新興國中,4,4,4,54,35,58,36,57,37,57,36,14,26,4,9
30,臺北市,中山區,343506,市立五常國中,4,4,5,39,54,43,52,45,56,57,41,12,30,2,11
30,臺北市,中山區,343507,市立濱江實驗國中,4,4,4,51,42,47,36,42,40,38,34,9,30,3,8
30,臺北市,中正區,353501,市立螢橋國中,5,5,6,74,73,92,69,76,82,83,70,17,34,0,13
30,臺北市,中正區,353502,市立古亭國中,6,6,6,61,70,71,79,82,81,62,77,13,40,0,12
30,臺北市,中正區,353503,市立南門國中,16,17,17,257,204,226,211,236,255,260,227,33,97,2,18
30,臺北市,中正區,353504,市立弘道國中,14,14,14,198,185,218,181,209,194,205,184,29,83,5,14
30,臺北市,中正區,353505,市立中正國中,22,22,22,349,335,404,345,399,338,397,360,35,134,5,18
30,臺北市,大同區,361301,私立靜修高中附設國中部,3,3,4,49,73,46,69,48,82,32,60,0,0,0,0
30,臺北市,大同區,363302,市立成淵高中附設國中部,10,10,10,161,117,158,132,172,150,172,118,0,0,0,0
30,臺北市,大同區,363501,市立建成國中,7,7,7,75,74,95,93,88,86,94,89,22,38,1,12
30,臺北市,大同區,363502,市立忠孝國中,6,6,6,86,66,79,87,98,75,99,76,21,35,3,11
30,臺北市,大同區,363504,市立民權國中,9,8,9,129,117,112,123,113,118,124,113,24,51,1,14
30,臺北市,大同區,363506,市立蘭州國中,3,3,3,36,43,61,34,47,47,38,28,6,25,1,10
30,臺北市,大同區,363507,市立重慶國中,6,7,8,61,46,75,47,87,72,100,60,16,46,1,12
30,臺北市,萬華區,373302,市立大理高中附設國中部,4,4,4,46,31,49,33,57,26,58,47,0,0,0,0
30,臺北市,萬華區,373501,市立萬華國中,12,12,13,121,123,121,101,131,119,178,159,28,76,4,15
30,臺北市,萬華區,373503,市立雙園國中,4,4,5,19,31,18,32,30,47,18,43,11,31,1,12
30,臺北市,萬華區,373505,市立龍山國中,7,8,8,78,51,81,75,111,90,79,65,20,45,0,14
30,臺北市,文山區,380301,國立政大附中,5,5,5,87,63,74,73,54,90,74,68,0,0,0,0
30,臺北市,文山區,381301,私立東山中學附設國中部,14,14,14,356,280,343,248,369,244,349,217,0,0,0,0
30,臺北市,文山區,381304,私立再興中學附設國中部,8,8,8,185,151,196,160,202,152,186,165,0,0,0,0
30,臺北市,文山區,381305,私立景文高中附設國中部,4,4,4,47,50,63,52,77,47,86,49,0,0,0,0
30,臺北市,文山區,381306,私立靜心高中附設國中部,6,6,6,122,153,135,137,130,128,128,131,0,0,0,0
30,臺北市,文山區,383302,市立萬芳高中附設國中部,6,7,7,57,56,55,67,78,79,66,75,0,0,0,0
30,臺北市,文山區,383501,市立木柵國中,6,6,6,89,70,71,64,77,97,76,70,17,39,2,12
30,臺北市,文山區,383502,市立實踐國中,9,8,9,97,80,130,113,120,132,131,120,10,65,4,11
30,臺北市,文山區,383503,市立北政國中,4,4,4,30,30,47,51,57,43,59,55,7,31,3,10
30,臺北市,文山區,383504,市立景美國中,13,12,13,173,164,170,202,201,175,197,168,34,70,2,17
30,臺北市,文山區,383505,市立興福國中,2,3,3,26,6,31,10,34,12,35,23,8,18,2,8
30,臺北市,文山區,383507,市立景興國中,14,14,14,211,207,217,198,242,178,223,201,32,81,2,18
30,臺北市,南港區,393301,市立南港高中附設國中部,10,9,10,102,83,122,108,135,117,115,87,0,0,0,0
30,臺北市,南港區,393501,市立誠正國中,11,11,11,137,99,134,127,139,119,121,109,35,59,4,12
30,臺北市,南港區,393503,市立成德國中,4,4,5,39,39,47,46,55,58,58,43,12,29,2,11
30,臺北市,內湖區,400144,國立臺灣戲曲學院(國中),5,5,5,26,38,29,40,21,55,30,62,0,0,0,0
30,臺北市,內湖區,401302,私立方濟中學附設國中部,0,3,3,0,0,22,7,39,7,53,11,0,0,0,0
30,臺北市,內湖區,401303,私立達人女中附設國中部,4,5,5,0,99,0,127,0,170,0,160,0,0,0,0
30,臺北市,內湖區,403501,市立內湖國中,10,10,10,110,95,139,106,138,112,124,112,29,59,4,13
30,臺北市,內湖區,403502,市立麗山國中,20,20,20,326,260,338,273,326,290,324,310,35,122,1,21
30,臺北市,內湖區,403503,市立三民國中,6,6,6,78,98,94,78,82,79,62,69,20,36,4,10
30,臺北市,內湖區,403504,市立西湖實驗國中,4,3,4,31,13,44,18,54,27,46,27,12,24,3,9
30,臺北市,內湖區,403505,市立東湖國中,11,11,12,130,126,186,146,176,129,179,169,23,73,2,16
30,臺北市,內湖區,403506,市立明湖國中,20,19,19,284,268,301,259,318,277,286,308,48,105,2,19
30,臺北市,士林區,411301,私立泰北高中附設國中部,1,1,1,13,10,9,6,9,9,12,10,0,0,0,0
30,臺北市,士林區,411302,私立衛理女中附設國中部,7,7,7,0,280,0,257,0,269,0,260,0,0,0,0
30,臺北市,士林區,411303,私立華興中學附設國中部,7,7,7,202,109,173,108,178,104,190,94,0,0,0,0
30,臺北市,士林區,413301,市立陽明高中,6,6,6,86,87,97,77,87,86,74,86,0,0,0,0
30,臺北市,士林區,413302,市立百齡高中,10,10,10,106,127,122,128,117,122,132,119,0,0,0,0
30,臺北市,士林區,413501,市立士林國中,8,8,8,77,70,98,75,107,92,114,97,21,48,3,11
30,臺北市,士林區,413502,市立蘭雅國中,15,14,15,204,169,232,176,206,183,172,184,29,92,3,17
30,臺北市,士林區,413504,市立至善國中,3,3,3,17,14,32,18,32,14,30,15,11,20,1,10
30,臺北市,士林區,413505,市立格致國中,2,2,2,17,7,17,18,8,8,10,23,8,17,5,5
30,臺北市,士林區,413506,市立福安國中,3,3,4,15,20,24,20,28,24,20,26,17,17,5,6
30,臺北市,士林區,413508,市立天母國中,17,17,17,216,180,207,182,256,215,242,228,35,98,6,15
30,臺北市,北投區,421301,私立薇閣高中附設國中部,13,13,13,318,282,334,314,309,287,308,277,0,0,0,0
30,臺北市,北投區,421302,私立幼華高中附設國中部,4,4,4,63,65,77,51,64,47,38,53,0,0,0,0
30,臺北市,北投區,421303,私立奎山實驗高中附設國中部,2,2,2,27,24,33,23,27,20,25,27,0,0,0,0
30,臺北市,北投區,423501,市立北投國中,9,10,11,82,82,88,81,91,119,101,101,31,58,2,14
30,臺北市,北投區,423502,市立新民國中,4,4,4,42,19,45,30,34,32,48,40,16,21,1,12
30,臺北市,北投區,423503,市立明德國中,12,12,12,205,154,202,147,189,154,157,158,27,77,1,18
30,臺北市,北投區,423504,市立桃源國中,5,5,4,54,36,62,37,55,44,42,57,15,29,2,11
30,臺北市,北投區,423505,市立石牌國中,27,27,27,405,397,432,389,406,421,426,377,54,148,6,19
30,臺北市,北投區,423506,市立關渡國中,3,3,3,36,26,34,35,28,32,46,32,11,19,2,9
50,高雄市,鹽埕區,513501,市立鹽埕國中,5,5,6,58,55,54,68,91,68,77,83,15,36,2,6
50,高雄市,鼓山區,521301,私立明誠高中附設國中部,4,4,3,59,52,62,68,52,46,59,60,0,0,0,0
50,高雄市,鼓山區,521303,私立大榮高中附設國中部,2,2,2,41,33,26,15,22,16,20,13,0,0,0,0
50,高雄市,鼓山區,523301,市立鼓山高中附設國中部,5,5,6,52,35,69,73,75,68,55,60,0,0,0,0
50,高雄市,鼓山區,523502,市立壽山國中,3,3,3,23,21,24,26,30,34,47,40,10,18,1,6
50,高雄市,鼓山區,523503,市立明華國中,18,18,18,272,254,298,289,304,286,319,262,34,96,3,11
50,高雄市,鼓山區,523504,市立七賢國中,16,16,16,252,225,259,220,206,215,248,230,34,85,2,11
50,高雄市,左營區,533501,市立左營國中,22,21,22,273,262,289,286,290,297,290,317,46,114,3,11
50,高雄市,左營區,533502,市立大義國中,5,5,5,43,36,41,44,56,34,54,53,13,32,1,7
50,高雄市,左營區,533503,市立立德國中,3,4,4,24,21,32,24,30,32,34,33,11,19,2,5
50,高雄市,左營區,533504,市立龍華國中,16,18,20,233,222,257,247,302,274,304,274,24,112,3,13
50,高雄市,左營區,533505,市立福山國中,23,23,22,309,291,328,318,352,281,333,319,46,117,5,12
50,高雄市,左營區,533506,市立文府國中,8,9,9,108,101,134,110,127,124,108,111,24,42,1,8
50,高雄市,楠梓區,540301,國立中山大學附屬國光高中,6,6,6,81,97,104,74,86,92,95,85,0,0,0,0
50,高雄市,楠梓區,543501,市立楠梓國中,20,19,20,307,276,288,266,275,299,284,266,42,104,4,9
50,高雄市,楠梓區,543502,市立右昌國中,10,11,12,131,117,179,107,162,153,146,157,36,56,0,12
50,高雄市,楠梓區,543503,市立後勁國中,5,7,8,63,57,79,77,84,70,69,58,10,45,3,6
50,高雄市,楠梓區,543504,市立國昌國中,19,19,18,259,248,292,281,285,294,299,248,36,98,1,13
50,高雄市,楠梓區,543505,市立翠屏國中(小),4,4,4,49,41,40,56,50,34,33,41,13,22,4,5
50,高雄市,三民區,551301,私立立志高中附設國中部,5,6,6,105,76,98,89,123,97,98,76,0,0,0,0
50,高雄市,旗山區,551303,私立南海月光實驗教育學校國中部,1,1,1,0,6,0,9,0,13,0,4,0,0,0,0
50,高雄市,三民區,553501,市立鼎金國中,8,8,8,82,89,97,77,89,86,85,119,17,49,1,8
50,高雄市,三民區,553502,市立三民國中,10,11,12,133,142,143,156,143,180,134,143,25,72,3,8
50,高雄市,三民區,553503,市立民族國中,7,7,9,77,62,79,67,84,59,90,86,12,58,4,5
50,高雄市,三民區,553504,市立陽明國中,30,31,31,389,391,450,453,490,406,491,452,53,169,4,15
50,高雄市,三民區,553505,市立正興國中,16,17,17,210,229,246,232,250,224,260,212,32,96,2,11
50,高雄市,新興區,563301,市立新興高中附設國中部,6,6,6,67,82,51,69,74,73,91,87,0,0,0,0
50,高雄市,前金區,573501,市立前金國中,6,7,7,48,42,67,55,91,61,74,50,20,42,2,5
50,高雄市,苓雅區,580301,國立高師附中附設國中部,4,4,4,61,58,71,45,63,49,54,63,0,0,0,0
50,高雄市,苓雅區,581301,私立復華高中附設國中部,5,5,5,139,61,115,81,113,80,125,71,0,0,0,0
50,高雄市,苓雅區,581302,私立道明中學附設國中部,10,10,11,186,176,176,190,217,202,216,205,0,0,0,0
50,高雄市,苓雅區,583301,市立中正高中附設國中部,6,7,8,74,74,71,88,91,92,94,76,0,0,0,0
50,高雄市,苓雅區,583501,市立苓雅國中,6,5,7,62,83,53,79,84,99,81,90,12,46,1,9
50,高雄市,苓雅區,583502,市立五福國中,28,28,28,425,387,465,398,482,418,404,409,44,154,2,16
50,高雄市,苓雅區,583503,市立大仁國中,4,5,6,42,30,55,39,50,50,56,40,13,34,2,6
50,高雄市,苓雅區,583505,市立英明國中,8,9,8,97,87,104,73,116,81,85,65,19,51,4,6
50,高雄市,前鎮區,593302,市立瑞祥高中附設國中部,15,15,16,177,152,184,200,204,233,224,206,0,0,0,0
50,高雄市,前鎮區,593501,市立獅甲國中,4,5,4,39,37,55,34,49,57,47,45,12,26,2,6
50,高雄市,前鎮區,593502,市立前鎮國中,7,8,7,89,66,85,103,84,93,96,79,18,47,2,8
50,高雄市,前鎮區,593503,市立瑞豐國中,4,4,4,40,47,52,32,56,36,56,55,8,25,2,6
50,高雄市,前鎮區,593504,市立光華國中,10,11,11,131,128,140,145,162,149,167,161,21,73,3,8
50,高雄市,前鎮區,593505,市立興仁國中,1,2,1,8,13,19,12,11,6,14,12,7,8,0,7
50,高雄市,旗津區,603501,市立旗津國中,3,3,4,38,29,37,35,47,35,57,45,13,20,0,6
50,高雄市,小港區,610405,國立高雄餐旅大學附屬餐旅高中附設國中部,3,3,3,35,55,28,62,39,50,40,49,0,0,0,0
50,高雄市,小港區,613501,市立小港國中,12,12,15,150,141,161,152,202,176,185,154,28,74,4,5
50,高雄市,小港區,613502,市立鳳林國中,3,3,3,23,25,32,23,32,25,24,37,10,20,2,4
50,高雄市,小港區,613503,市立中山國中,17,17,17,178,213,236,219,251,229,251,237,39,89,5,9
50,高雄市,小港區,613504,市立明義國中,12,13,12,141,134,172,155,163,148,162,155,25,74,3,9
71,金門縣,金城鎮,714501,縣立金城國中,12,12,11,134,132,131,149,151,123,149,120,46,51,5,7
71,金門縣,金湖鎮,714502,縣立金湖國中,6,7,6,64,71,83,72,77,71,85,64,23,35,7,5
71,金門縣,金寧鄉,714503,縣立金寧國中(小),4,4,4,52,37,41,41,56,34,42,28,19,17,2,7
71,金門縣,金沙鎮,714504,縣立金沙國中,3,4,4,33,31,37,33,45,34,43,40,17,18,2,6
71,金門縣,烈嶼鄉,714505,縣立烈嶼國中,2,2,2,12,15,20,16,13,15,18,22,11,14,4,3
72,連江縣,南竿鄉,724501,縣立介壽國中(小),2,2,2,14,18,31,16,18,13,12,14,9,10,4,4
72,連江縣,南竿鄉,724502,縣立中正國中(小),1,1,1,15,13,9,10,10,11,8,17,9,5,2,4
72,連江縣,北竿鄉,724503,縣立中山國中,1,1,1,6,3,7,4,4,10,8,5,4,8,2,3
72,連江縣,莒光鄉,724504,縣立敬恆國中(小),1,1,1,1,0,1,2,3,2,5,3,4,6,1,5
72,連江縣,東引鄉,724505,縣立東引國中(小),1,1,1,9,3,4,2,3,3,7,5,7,5,2,3
